image_id,breed
7ede553357,crotalus-horridus
3500b219e4,nerodia-sipedon
d43a78d6d9,pantherophis-obsoletus
1f36f26994,lampropeltis-triangulum
8cb85fc58e,pantherophis-obsoletus
7176bcfe9a,pituophis-catenifer
27f2d0f582,nerodia-erythrogaster
43eebba928,storeria-dekayi
180a56f143,heterodon-platirhinos
07fd20e8bd,nerodia-sipedon
d6145eb8ef,pantherophis-obsoletus
43cf88006f,pituophis-catenifer
545094975f,crotalus-atrox
de232d35ce,pantherophis-spiloides
f49f11daf4,storeria-dekayi
be70c24805,crotalus-atrox
8a68c61789,nerodia-sipedon
e4a0afbde5,crotalus-atrox
5d046e4a57,agkistrodon-piscivorus
9450d432f1,heterodon-platirhinos
24ae6b28c9,crotalus-atrox
bbbcf461fd,storeria-dekayi
25f864a129,crotalus-atrox
9d63e29dab,pantherophis-alleghaniensis
560a7820ef,agkistrodon-contortrix
261a672081,pituophis-catenifer
e08cecfcc8,pantherophis-vulpinus
dcbaefa9de,crotalus-horridus
4757eec719,thamnophis-sirtalis
7a5772b7df,opheodrys-aestivus
756a3734d1,crotalus-atrox
bcb51ed4fd,agkistrodon-contortrix
b28a9dbd17,thamnophis-sirtalis
84496bd65b,nerodia-erythrogaster
97254f0a1e,thamnophis-elegans
738e860bf3,nerodia-erythrogaster
5b04af2d08,lampropeltis-triangulum
df1007a11e,thamnophis-sirtalis
71e4a3726c,pituophis-catenifer
9ec71badf5,crotalus-horridus
9aaf30ca4e,storeria-dekayi
502dbd30e8,opheodrys-aestivus
6a0948343e,agkistrodon-contortrix
a9c94931b4,crotalus-horridus
94f8b871bc,thamnophis-sirtalis
65be04e1a7,thamnophis-sirtalis
553b5be83f,nerodia-sipedon
f156e4b9ad,agkistrodon-piscivorus
c195a35480,crotalus-atrox
ba36d77d65,pantherophis-alleghaniensis
ac60cb4c64,masticophis-flagellum
e99babb9da,nerodia-erythrogaster
3f79415b22,agkistrodon-contortrix
07a7f4b8a2,crotalus-horridus
8713b35996,crotalus-horridus
8161aa3270,nerodia-sipedon
c084141ebb,nerodia-rhombifer
3f264dfa93,thamnophis-elegans
ac29145967,nerodia-sipedon
14cc5c0b07,masticophis-flagellum
0d53f3592b,nerodia-erythrogaster
339702c73e,thamnophis-proximus
d9282cfc2f,lampropeltis-californiae
7cbb3598a5,opheodrys-aestivus
7d23dd1a25,agkistrodon-piscivorus
302ae16a4f,nerodia-erythrogaster
665ce5599e,pantherophis-alleghaniensis
7fe9ccee38,thamnophis-sirtalis
b4ee296fbe,storeria-dekayi
463302e361,agkistrodon-contortrix
a18b060715,thamnophis-sirtalis
72b767e027,thamnophis-sirtalis
28c9bd4b10,nerodia-sipedon
a8cf67b3cd,lampropeltis-triangulum
dc0bd440c3,opheodrys-aestivus
1b558cc89f,nerodia-sipedon
23a5181788,nerodia-erythrogaster
17e5f4b5bf,crotalus-viridis
45708c6f17,thamnophis-sirtalis
90e93122c1,pantherophis-obsoletus
9aac958618,pantherophis-guttatus
23f9ca3329,thamnophis-sirtalis
3702f63d72,thamnophis-sirtalis
142b516abc,thamnophis-radix
db55095044,pituophis-catenifer
2532449658,pantherophis-guttatus
521ce40402,thamnophis-elegans
5bdb8079ed,storeria-dekayi
2b88eaac56,thamnophis-sirtalis
f11e311c90,masticophis-flagellum
75b79378c3,pantherophis-obsoletus
8f457bca60,lampropeltis-californiae
4aae3ed36b,opheodrys-aestivus
7e85692fa2,storeria-dekayi
8557e64d0e,heterodon-platirhinos
f590310834,thamnophis-sirtalis
6ce6de9def,agkistrodon-piscivorus
5e13f84aae,thamnophis-sirtalis
3f595dc653,nerodia-erythrogaster
28fc7c65cc,thamnophis-sirtalis
2e6627723a,nerodia-fasciata
759223778f,agkistrodon-contortrix
68e08979eb,pantherophis-obsoletus
b51b666b0a,pantherophis-spiloides
1134c2556d,thamnophis-sirtalis
e10bcc9899,agkistrodon-contortrix
4d84d06252,storeria-dekayi
71792ec7f9,pantherophis-obsoletus
87fff43cf4,pantherophis-obsoletus
d0d91b6a16,coluber-constrictor
b1606f2410,heterodon-platirhinos
f9a3564f88,thamnophis-sirtalis
8bdccf2baf,pantherophis-obsoletus
abbfa54027,crotalus-atrox
ca469b7a27,pituophis-catenifer
95a51a0fcd,pituophis-catenifer
8ef78ef2d3,agkistrodon-piscivorus
e21af6d4b9,agkistrodon-piscivorus
221b1ee2f1,pantherophis-obsoletus
b2c3d5d9fb,pituophis-catenifer
526c9eac74,agkistrodon-contortrix
a38e41fd76,pantherophis-obsoletus
b2ba21f052,crotalus-ruber
3b9b67ba03,agkistrodon-piscivorus
327b772827,lampropeltis-triangulum
2afdb4999f,crotalus-atrox
0cbf1992d0,storeria-dekayi
c822ae5d01,thamnophis-sirtalis
5405370c87,nerodia-sipedon
092388daba,storeria-dekayi
99a3b654d0,crotalus-atrox
e0f8e741d4,storeria-dekayi
5d9cf27241,nerodia-sipedon
632bed91e6,opheodrys-aestivus
83d7c726d0,thamnophis-radix
2555c7e7ce,pantherophis-emoryi
2b9180fb4f,pantherophis-obsoletus
e211c36384,natrix-natrix
06b96eed56,pituophis-catenifer
d8fe032fe4,pantherophis-obsoletus
366c0f8d42,thamnophis-proximus
be80579760,agkistrodon-contortrix
a4ff6226a3,agkistrodon-piscivorus
53da6f2a06,pantherophis-alleghaniensis
509628b6d3,pituophis-catenifer
75206b0c2d,crotalus-ruber
c3e988cbe7,coluber-constrictor
bf3224d5bb,thamnophis-radix
2d45d24990,storeria-dekayi
217a85c6a0,pantherophis-obsoletus
f910b4dafd,thamnophis-sirtalis
dbc89aa6fc,thamnophis-sirtalis
e0c882d7b5,pantherophis-obsoletus
bbd20396ee,opheodrys-aestivus
a9bd8d4550,storeria-dekayi
f9315c3d9d,nerodia-sipedon
c53c61ff1d,agkistrodon-contortrix
ae76c25b30,thamnophis-sirtalis
0554b687c1,crotalus-horridus
8227ee21d5,nerodia-sipedon
e63f970c24,masticophis-flagellum
5a7a965d51,pantherophis-obsoletus
6f885777ae,crotalus-horridus
c63d4c04d9,agkistrodon-piscivorus
d678d67897,pituophis-catenifer
03d156d9ee,thamnophis-sirtalis
39d5cf451b,pantherophis-alleghaniensis
c8583aa3f1,lampropeltis-californiae
72fd0c7625,pantherophis-guttatus
89428de91a,pantherophis-alleghaniensis
e3ad957f8f,crotalus-atrox
4b49ad90af,nerodia-fasciata
e4ff7155e8,heterodon-platirhinos
eaa331f24e,lampropeltis-triangulum
28edbbefda,diadophis-punctatus
aa1015e3c8,heterodon-platirhinos
644033bba9,pantherophis-obsoletus
c612cc9390,coluber-constrictor
6870b31b63,thamnophis-sirtalis
b22d6d545d,thamnophis-proximus
bf1adbeecc,agkistrodon-piscivorus
16e1861f42,pituophis-catenifer
8e7302d0c7,pantherophis-obsoletus
473b09a338,crotalus-horridus
80da1ca7fe,pantherophis-spiloides
c3e38fc290,pantherophis-obsoletus
901a78b5f6,pituophis-catenifer
250946e33d,storeria-dekayi
71bb3b775f,storeria-dekayi
58e653c556,lampropeltis-californiae
ff0d70fb78,thamnophis-proximus
bbbaf02d7b,diadophis-punctatus
a8729cbe08,crotalus-ruber
e754670fa9,storeria-dekayi
d51800edfc,pituophis-catenifer
54705e5068,crotalus-horridus
2d26350d5f,thamnophis-sirtalis
65ea1d3d84,crotalus-atrox
fc2019398b,crotalus-atrox
76bc77c3be,thamnophis-sirtalis
ae5258ea04,pantherophis-emoryi
8d8734a395,opheodrys-aestivus
a6ac17e3d8,lampropeltis-triangulum
2ca8252168,pantherophis-obsoletus
d81bbe11bb,nerodia-sipedon
fb1ea63ee1,crotalus-atrox
d7b6ef28af,pantherophis-obsoletus
fe015ee591,pantherophis-alleghaniensis
e4f9ad2007,thamnophis-sirtalis
26758bec6d,thamnophis-sirtalis
23dd09c2b6,thamnophis-radix
7c34e2cdec,pantherophis-guttatus
6ec294cf12,storeria-dekayi
36d521dbd5,pantherophis-obsoletus
9a6e35d716,haldea-striatula
8bbc299a40,diadophis-punctatus
fd5e259ea8,diadophis-punctatus
db292dcc3b,thamnophis-radix
f481c83182,thamnophis-radix
4245d68d46,pantherophis-guttatus
59e640bb91,pantherophis-spiloides
36c233f563,lampropeltis-triangulum
bc3799b2df,nerodia-erythrogaster
9e937f940b,crotalus-atrox
9a7b588cb9,storeria-dekayi
7ff5570d2f,pituophis-catenifer
087903f361,thamnophis-sirtalis
6e66f9667f,thamnophis-radix
60dd49f8d4,thamnophis-radix
7064757509,crotalus-atrox
baa3f02141,pantherophis-obsoletus
7dce396ff5,nerodia-sipedon
30a99aee44,crotalus-viridis
665b29ab42,pantherophis-spiloides
a443ddb908,thamnophis-sirtalis
ac95eb1818,lampropeltis-triangulum
05a6798995,thamnophis-sirtalis
0241586560,crotalus-horridus
ff45fac73c,pantherophis-spiloides
013c73ee17,crotalus-horridus
b93e2f9f5b,pantherophis-obsoletus
2b1413378c,nerodia-erythrogaster
9cb08cd05a,pantherophis-obsoletus
13aa42a7e4,agkistrodon-contortrix
641e266e15,thamnophis-sirtalis
7b5344ccfd,nerodia-sipedon
13cfe36156,nerodia-erythrogaster
e3638b66ab,opheodrys-aestivus
0f5042aa5a,thamnophis-sirtalis
79783161b7,pantherophis-guttatus
195c38795c,diadophis-punctatus
0290d68533,lampropeltis-triangulum
2a2b711e1e,pantherophis-obsoletus
51622421a7,thamnophis-sirtalis
9f4c9e5d29,lampropeltis-triangulum
55cf94ef25,pantherophis-obsoletus
8e3a442218,pantherophis-alleghaniensis
a5bd623c6a,agkistrodon-contortrix
192dd2d4b7,coluber-constrictor
5b3791c4e4,lampropeltis-triangulum
4f3bb6e01a,pantherophis-obsoletus
9316eb7237,pituophis-catenifer
aa16a509cf,thamnophis-sirtalis
ad68959f68,crotalus-viridis
072f7c5df5,diadophis-punctatus
e6fe591e18,agkistrodon-contortrix
eed4cc6dda,thamnophis-sirtalis
6335735a8a,thamnophis-sirtalis
40fb202092,pantherophis-obsoletus
8d34d1a83e,lampropeltis-triangulum
5d58cc2fb1,thamnophis-sirtalis
e073226ee2,masticophis-flagellum
630628b60b,crotalus-viridis
c074d2a3c3,thamnophis-sirtalis
2c03979041,lampropeltis-triangulum
237efd22ef,thamnophis-sirtalis
5a23092d94,coluber-constrictor
cebc8a3140,thamnophis-sirtalis
ddbb02224a,nerodia-sipedon
785ba4871f,nerodia-sipedon
d19b66d326,pantherophis-obsoletus
f9b0800cb8,pituophis-catenifer
2f065830d7,pantherophis-guttatus
b9893aa41a,pantherophis-guttatus
2c442a09ed,pantherophis-vulpinus
ea100d15e2,crotalus-horridus
9363d2c4be,crotalus-atrox
dd0dc5ba1a,lampropeltis-californiae
86b438d651,pantherophis-obsoletus
a7596b0dda,nerodia-sipedon
c0a9301d14,storeria-dekayi
59d4a652fa,storeria-dekayi
9266faaacf,storeria-dekayi
5c6713d750,agkistrodon-contortrix
4a7b39ccff,pituophis-catenifer
c91233cf4f,pantherophis-alleghaniensis
316d089f08,lampropeltis-triangulum
63bb9ed8c2,pantherophis-obsoletus
8ec81d1cab,pituophis-catenifer
0bef464da6,nerodia-erythrogaster
e3497219ae,heterodon-platirhinos
259af44b24,storeria-dekayi
c52f2693cf,agkistrodon-piscivorus
18f5184f2e,storeria-dekayi
728f07bb97,agkistrodon-contortrix
fba22fecef,pantherophis-obsoletus
fdbcf4aa99,crotalus-viridis
f8d202075f,nerodia-erythrogaster
369a02e471,thamnophis-proximus
3e2cadfaa9,thamnophis-sirtalis
0a59465b78,crotalus-atrox
5717af5063,thamnophis-sirtalis
5a5ed0a9f9,nerodia-sipedon
503bd5a793,opheodrys-aestivus
861b144528,pantherophis-alleghaniensis
2c1c60baac,crotalus-viridis
f583cab812,pituophis-catenifer
98e28ee840,nerodia-sipedon
e981adefe8,storeria-dekayi
847dcb005c,lampropeltis-californiae
2bdd1204df,pituophis-catenifer
436a5443a6,coluber-constrictor
b474fba6f6,nerodia-rhombifer
4a52d81d06,thamnophis-sirtalis
e04df53f33,crotalus-atrox
6e0bc47bff,crotalus-viridis
00a9bba384,nerodia-erythrogaster
c34e07aea2,nerodia-sipedon
ddb3fdca4e,crotalus-horridus
772912b335,thamnophis-sirtalis
d2d8c969f4,opheodrys-aestivus
05c0503e80,heterodon-platirhinos
0a2842082d,lampropeltis-triangulum
f63ccbe5e4,agkistrodon-contortrix
7c71df0f36,crotalus-atrox
b812b08083,lampropeltis-triangulum
aa46c84394,nerodia-sipedon
172ea701fa,crotalus-atrox
4da6e0c4b1,agkistrodon-contortrix
2680cb138a,nerodia-rhombifer
042411e752,agkistrodon-contortrix
3a90a92e92,opheodrys-aestivus
194d8bc5a0,thamnophis-sirtalis
1ac35b5307,pantherophis-guttatus
bd26891431,pituophis-catenifer
9bcdad786e,diadophis-punctatus
3fbfac0bbb,thamnophis-sirtalis
d9f6166852,crotalus-scutulatus
c27414795d,agkistrodon-piscivorus
031d5fd2dd,lampropeltis-triangulum
b359100fa4,haldea-striatula
999b3783d7,thamnophis-sirtalis
959cdb0f88,nerodia-sipedon
8fa0dcc6df,nerodia-rhombifer
8ea058e917,storeria-dekayi
ae46441c69,nerodia-erythrogaster
b08c38c7f7,agkistrodon-piscivorus
328d66a6d0,nerodia-erythrogaster
5ac5adfab9,pantherophis-obsoletus
593c3b2407,diadophis-punctatus
5d701c6be6,pantherophis-alleghaniensis
b6bcd1799a,storeria-dekayi
b3494fd089,diadophis-punctatus
0448002637,pantherophis-obsoletus
fff8bffdb0,crotalus-horridus
0cbc0f68b6,agkistrodon-contortrix
0debda08e0,nerodia-rhombifer
d0283c614b,pantherophis-alleghaniensis
2dbe75a840,lampropeltis-triangulum
6d998bc9af,pantherophis-obsoletus
3ff941e398,pantherophis-alleghaniensis
a9410566e4,crotalus-horridus
358af00cdd,crotalus-viridis
e4ab7ba2ab,nerodia-fasciata
b07f81508c,pantherophis-alleghaniensis
3b1799fe42,pantherophis-guttatus
3d6339ea74,diadophis-punctatus
2163674737,crotalus-atrox
d99ab56103,crotalus-viridis
54ba70e3cc,pantherophis-spiloides
545ed78e38,agkistrodon-contortrix
e7d07009df,storeria-dekayi
f6ec7eba7b,nerodia-erythrogaster
64c3ac5ad0,crotalus-atrox
b72ce0175f,storeria-dekayi
b894d764f5,nerodia-erythrogaster
cf5d7c4e17,storeria-dekayi
58663371a3,pantherophis-obsoletus
81bf550daa,nerodia-sipedon
37f5ad479e,agkistrodon-piscivorus
3c8edae2a4,nerodia-sipedon
4cb468d415,nerodia-erythrogaster
92e04ca324,thamnophis-sirtalis
11373da95a,agkistrodon-contortrix
6a3bcbcf4a,opheodrys-aestivus
a5f24a2ecc,diadophis-punctatus
1edabbc312,opheodrys-aestivus
96aee5ec60,agkistrodon-contortrix
4598203b0a,crotalus-ruber
6bd8b7a823,rhinocheilus-lecontei
54f91fbb3a,pituophis-catenifer
b9d8bbfa03,nerodia-sipedon
72f1ff130d,nerodia-sipedon
2eccd64667,thamnophis-sirtalis
2546d11351,opheodrys-aestivus
b09f1d031b,storeria-dekayi
bd5a29330a,thamnophis-sirtalis
4451e8bf97,pantherophis-vulpinus
86a4573103,pantherophis-obsoletus
da7212161e,pantherophis-obsoletus
aa1da0bc83,pantherophis-obsoletus
6e802f864c,nerodia-erythrogaster
8eaa4e8d18,storeria-occipitomaculata
ffa547380d,agkistrodon-piscivorus
776bf9c3e7,agkistrodon-piscivorus
f6058731c7,thamnophis-sirtalis
3137a9d8f4,natrix-natrix
c5eda48da7,pantherophis-spiloides
23e13b5ba3,thamnophis-sirtalis
c264755582,haldea-striatula
958f27ae53,thamnophis-sirtalis
f1ce7a658c,crotalus-atrox
897932c055,nerodia-rhombifer
a17470a422,crotalus-atrox
f756da9b22,thamnophis-sirtalis
83f99d01b7,pantherophis-guttatus
1c097f3bb5,thamnophis-sirtalis
638716b738,agkistrodon-contortrix
74772031c5,diadophis-punctatus
94f3aa78e0,masticophis-flagellum
c0f734db4f,agkistrodon-piscivorus
4f9c43f59c,diadophis-punctatus
1b32d18277,lampropeltis-triangulum
2145486df9,storeria-dekayi
9e779ef62b,nerodia-erythrogaster
caa85de8a4,heterodon-platirhinos
dab850c45f,pantherophis-obsoletus
326a993691,crotalus-atrox
1a313e58c0,thamnophis-sirtalis
eacde65a87,agkistrodon-contortrix
16ef599310,opheodrys-aestivus
a1a1d8f4d3,masticophis-flagellum
b66574f0cb,nerodia-erythrogaster
dadd875c98,thamnophis-sirtalis
35f3e07f8a,pantherophis-obsoletus
35b25084a8,pantherophis-obsoletus
5be6313607,pantherophis-spiloides
5e4b3549cb,nerodia-sipedon
14af77c260,pantherophis-obsoletus
a3ffe15ad1,thamnophis-sirtalis
fcf5b7e439,nerodia-sipedon
510f5e1945,agkistrodon-contortrix
99d309ee88,crotalus-atrox
c5ba6d87e2,haldea-striatula
0a00cdd2b8,pituophis-catenifer
9e10b0843c,diadophis-punctatus
9818345fa3,agkistrodon-contortrix
424b8caccf,pituophis-catenifer
291cd9c481,nerodia-erythrogaster
0c02a2f5d7,agkistrodon-piscivorus
3393c3a6eb,nerodia-fasciata
18e8e49c6a,nerodia-sipedon
45245a5e5a,thamnophis-elegans
13696d31fb,thamnophis-radix
41e720d7de,crotalus-atrox
40303088fa,agkistrodon-piscivorus
67d1d73480,nerodia-fasciata
4e3e773484,nerodia-erythrogaster
7517bb0623,storeria-dekayi
559133de50,crotalus-atrox
9ae22849c1,lampropeltis-californiae
c5ff38ff68,thamnophis-marcianus
71e572d33f,thamnophis-sirtalis
332e5c6785,crotalus-atrox
6003bbcbf9,pantherophis-alleghaniensis
5c17e68b40,lampropeltis-triangulum
bad9a60677,thamnophis-radix
209b809200,storeria-dekayi
f2b9362dd4,crotalus-scutulatus
8de60975b5,pantherophis-guttatus
8add8bfac9,thamnophis-sirtalis
0d5c403d38,nerodia-sipedon
d483f5a5ce,agkistrodon-contortrix
7836689238,coluber-constrictor
724a385d2e,thamnophis-proximus
64e02bed8b,thamnophis-sirtalis
3133cffd8c,pantherophis-guttatus
ebd7ad9677,crotalus-scutulatus
fe50e904ff,nerodia-erythrogaster
7f4df9bad8,storeria-dekayi
b083b3bdfc,pituophis-catenifer
5ac813acff,thamnophis-sirtalis
35084d1574,crotalus-horridus
9bbb1238dd,pantherophis-obsoletus
54da60ecca,pantherophis-obsoletus
8139d8a08f,nerodia-sipedon
cf4b998e06,thamnophis-sirtalis
50ff72a201,thamnophis-sirtalis
a0969f71a4,haldea-striatula
64b71700c0,thamnophis-radix
420c648f8f,heterodon-platirhinos
b48998dacd,storeria-dekayi
d6ce6db8ac,lampropeltis-triangulum
f359a3a1cb,thamnophis-sirtalis
3e27aded25,agkistrodon-contortrix
9baf0c175d,storeria-dekayi
60cd847169,crotalus-viridis
8cc2b43e73,pantherophis-guttatus
e635e0301a,crotalus-atrox
53ad81ecbf,diadophis-punctatus
bd77bff983,thamnophis-marcianus
e4b948cde5,storeria-dekayi
7a85d0a38f,lampropeltis-triangulum
6e104122dd,storeria-dekayi
0bd440f886,storeria-dekayi
cfe48a6766,agkistrodon-piscivorus
dea4ad3c5c,crotalus-scutulatus
a70db3f4e2,nerodia-sipedon
73801d11da,masticophis-flagellum
91b9c66b6c,agkistrodon-contortrix
7fa218f587,nerodia-erythrogaster
89aac8751e,opheodrys-aestivus
ccd99e20ab,thamnophis-radix
3d4e749f5c,pantherophis-spiloides
d981710b5c,thamnophis-sirtalis
52eec0f3fb,pantherophis-guttatus
7b01622a45,lampropeltis-californiae
d8f3e2543c,agkistrodon-piscivorus
3da58beca1,diadophis-punctatus
27cc745b4e,lampropeltis-triangulum
19e640cfea,thamnophis-sirtalis
e97ad14aa0,thamnophis-sirtalis
fee6ac0981,pantherophis-obsoletus
7688910bf6,crotalus-atrox
e207f9f8e1,pantherophis-guttatus
38cfa09840,storeria-dekayi
e8c28b1fa8,haldea-striatula
14b9eb3c99,nerodia-sipedon
90b9422778,natrix-natrix
55c6c72734,pituophis-catenifer
1b74b10f63,nerodia-erythrogaster
dbe94ca39f,nerodia-sipedon
2467f2a466,pantherophis-obsoletus
87c3cc64a9,diadophis-punctatus
f4f5dd040b,pantherophis-obsoletus
f32d83944c,lampropeltis-triangulum
de0c5e9a87,storeria-dekayi
aff4a2c922,thamnophis-sirtalis
f96291b278,diadophis-punctatus
c64eb91ae4,pantherophis-obsoletus
2ae2c1199a,thamnophis-sirtalis
c032ab6ee3,crotalus-ruber
33e62ea503,diadophis-punctatus
4d5e7f22ae,nerodia-erythrogaster
daa2966222,thamnophis-sirtalis
a5234ec3be,thamnophis-sirtalis
80eead3616,nerodia-erythrogaster
ade437840f,thamnophis-sirtalis
2db8ff4d4f,nerodia-rhombifer
b3b1353fab,nerodia-erythrogaster
c449df8761,diadophis-punctatus
59979fbad2,agkistrodon-contortrix
f4698088c6,lampropeltis-californiae
532b83a570,coluber-constrictor
0e287bd3a4,haldea-striatula
62a0846a7f,pantherophis-vulpinus
3fc4c2a5e1,rhinocheilus-lecontei
4d2299d5dc,masticophis-flagellum
416b4750da,thamnophis-sirtalis
dfee6504e3,rhinocheilus-lecontei
bba431d5d4,thamnophis-sirtalis
d50e9b77ce,pantherophis-obsoletus
423c84462d,thamnophis-sirtalis
d8854a4d6f,agkistrodon-contortrix
06bfe160bc,pantherophis-alleghaniensis
b53265ae30,nerodia-sipedon
4f7b14d1e9,nerodia-sipedon
b0e5cdcf65,opheodrys-aestivus
3d90e98161,thamnophis-sirtalis
385387e75a,crotalus-horridus
a016fbf111,pantherophis-vulpinus
79d92b5155,haldea-striatula
e8556cf2b3,diadophis-punctatus
b68aec61a9,storeria-dekayi
6245275771,pantherophis-alleghaniensis
9af6f4bbb1,heterodon-platirhinos
e2839b926b,storeria-dekayi
8d2f2c54a1,crotalus-atrox
1e8f52cf8e,crotalus-horridus
c2bfddaefb,opheodrys-aestivus
fcac77e8e3,pantherophis-alleghaniensis
a6eefff8e9,crotalus-atrox
48be242050,opheodrys-aestivus
e849f57aaa,agkistrodon-piscivorus
75053513e4,thamnophis-sirtalis
0b6092dd9f,pantherophis-alleghaniensis
f10dbb60ad,agkistrodon-contortrix
6fd275d6f8,pantherophis-obsoletus
7b110332b2,pantherophis-obsoletus
02b5ce8a0d,storeria-dekayi
e286457476,crotalus-viridis
2fd9e2eee6,pantherophis-alleghaniensis
b79eb2b0fb,pantherophis-obsoletus
f5315a5875,crotalus-viridis
db4493bb17,pantherophis-obsoletus
4ebadc4b4b,pituophis-catenifer
c98bc697c6,pantherophis-guttatus
e3c6ba694a,crotalus-horridus
783481beb0,haldea-striatula
f29333e380,thamnophis-radix
c3fb1dacc1,pantherophis-alleghaniensis
5b15bac5c2,thamnophis-radix
cd0721eb2a,thamnophis-proximus
1e2ae139b7,thamnophis-sirtalis
79553e62b3,pantherophis-guttatus
cdbedb45cd,nerodia-rhombifer
ee52483077,haldea-striatula
1fac89750a,pantherophis-alleghaniensis
86a2ca0b18,nerodia-sipedon
d3a5b62b1f,thamnophis-sirtalis
5276b71b91,thamnophis-sirtalis
eff565b0e9,thamnophis-sirtalis
a0853d1197,opheodrys-aestivus
38782ebfe4,crotalus-ruber
a16e3dec1e,agkistrodon-contortrix
223cc7e8a6,nerodia-erythrogaster
fed1568a6c,pantherophis-obsoletus
f2f891850d,thamnophis-sirtalis
22580dc310,storeria-dekayi
4b2040859d,haldea-striatula
c40f2cf547,lampropeltis-californiae
8a1f773d30,pantherophis-alleghaniensis
26e77de0d3,nerodia-sipedon
3898d993ce,heterodon-platirhinos
4c48326692,pantherophis-obsoletus
639ea18f23,thamnophis-sirtalis
6447cbdb15,coluber-constrictor
2fab3b74e1,thamnophis-sirtalis
70d03492db,thamnophis-radix
df50ba8c91,lampropeltis-triangulum
e68457fe19,thamnophis-sirtalis
b4ad055b21,lampropeltis-triangulum
f10e985810,thamnophis-sirtalis
ee41d19ab2,heterodon-platirhinos
5af19d853b,pantherophis-obsoletus
e3e76a3d9c,thamnophis-radix
59bcc84d9c,storeria-dekayi
49cd434b18,crotalus-horridus
ce31772330,pituophis-catenifer
08e0a784b9,opheodrys-aestivus
b38fb09f8b,pantherophis-guttatus
1025e29ab7,crotalus-horridus
98e71c5873,opheodrys-aestivus
ec7956ab61,pantherophis-obsoletus
8221410682,crotalus-atrox
51ee9e04f0,agkistrodon-contortrix
96d75bfe8f,nerodia-fasciata
8601628d1f,storeria-dekayi
3dfa5ad947,thamnophis-marcianus
affc413c04,thamnophis-sirtalis
8d0378446f,pantherophis-guttatus
d4575182a3,crotalus-viridis
64b48406af,nerodia-sipedon
371a621202,pituophis-catenifer
aef6cdef7f,thamnophis-sirtalis
5767b7291d,pantherophis-obsoletus
bce7024134,diadophis-punctatus
1e8ba66e6d,diadophis-punctatus
1cca4dde7e,thamnophis-sirtalis
0497ecfd64,thamnophis-sirtalis
80cd47b8be,opheodrys-aestivus
48470bf29b,storeria-dekayi
21c06dfcf8,nerodia-erythrogaster
a0bce2082d,pantherophis-guttatus
a14372c89f,storeria-dekayi
1a7e4bd4c6,crotalus-atrox
77b61563ed,crotalus-atrox
bbbcedc4c0,agkistrodon-piscivorus
baba9a2a38,agkistrodon-contortrix
6fd6c6ccf6,storeria-dekayi
1cef56fb1e,thamnophis-sirtalis
5f6f35c987,crotalus-atrox
d1eb8d51ae,pantherophis-obsoletus
4617ca078b,agkistrodon-contortrix
77b4a4a25c,pituophis-catenifer
c2955c5d83,thamnophis-sirtalis
67d5a9efbe,thamnophis-proximus
0fe9a54c20,lampropeltis-triangulum
5b30be5fe9,agkistrodon-piscivorus
6469909eb8,thamnophis-sirtalis
b81a1b1d90,thamnophis-sirtalis
e2363c1554,crotalus-atrox
0cff3cb843,storeria-dekayi
1b340371e5,pantherophis-emoryi
00e8ba3531,storeria-dekayi
dee1e6d310,coluber-constrictor
e264f04ce9,pantherophis-vulpinus
ddd56ba0c0,rhinocheilus-lecontei
c1cbf83f28,crotalus-atrox
13275759e4,pantherophis-obsoletus
d37b0ef11f,pantherophis-spiloides
898d62255d,agkistrodon-piscivorus
f9bbc7153a,crotalus-horridus
f8ac5953cb,lampropeltis-californiae
ad9921a2aa,nerodia-erythrogaster
a5f85aab22,pituophis-catenifer
c6234d79bb,pantherophis-obsoletus
771f6f3fe6,thamnophis-sirtalis
688b29b043,lampropeltis-californiae
19ccba64b3,storeria-dekayi
72115baab1,pantherophis-obsoletus
6becc6093d,pantherophis-obsoletus
7855bae864,opheodrys-aestivus
d50acbddb2,agkistrodon-piscivorus
83899a6b49,diadophis-punctatus
11e97175b8,nerodia-sipedon
5980c7a6f7,thamnophis-sirtalis
2d61b82de7,nerodia-erythrogaster
1f90c834c5,crotalus-horridus
e0474c1be9,crotalus-scutulatus
96dbc2f29b,pantherophis-alleghaniensis
d1b7d9ba22,pantherophis-spiloides
fd2f1d3113,thamnophis-proximus
928460dde9,lampropeltis-triangulum
d63c0e9fdc,thamnophis-sirtalis
78ed1037b8,pantherophis-obsoletus
b3fe7d062c,pantherophis-obsoletus
9315549d3a,storeria-dekayi
c3bd25298d,storeria-dekayi
8f92043d8f,pantherophis-alleghaniensis
9069355571,pituophis-catenifer
a1e486d349,lampropeltis-triangulum
bbaf558ecf,pantherophis-guttatus
516de4c918,thamnophis-sirtalis
3a8c8aa252,agkistrodon-contortrix
44aa210a3e,crotalus-atrox
64553a6913,pantherophis-guttatus
e90ba4331c,thamnophis-sirtalis
11649cec48,pantherophis-vulpinus
c3444151d5,lampropeltis-californiae
37ee5eb735,pantherophis-alleghaniensis
3f36710eb6,agkistrodon-contortrix
624b2cc236,rhinocheilus-lecontei
0c9a05356b,diadophis-punctatus
aa4b3d2785,pituophis-catenifer
8a43339a29,agkistrodon-contortrix
a11bf6e766,pantherophis-guttatus
3d1b0e14ff,opheodrys-aestivus
a698472a57,crotalus-atrox
3e733e66de,nerodia-sipedon
7a374981e5,agkistrodon-piscivorus
45bd4f73b1,pantherophis-alleghaniensis
e17bb727be,rhinocheilus-lecontei
c79bcf2098,agkistrodon-contortrix
1f6403d491,thamnophis-radix
93ad7fe563,thamnophis-sirtalis
47e8f1b843,thamnophis-sirtalis
c5c1619dee,lampropeltis-triangulum
ee52b1c3e4,crotalus-scutulatus
bdfce30128,coluber-constrictor
bcfa129e05,thamnophis-sirtalis
c3007e0e16,crotalus-viridis
e3e8505f6f,diadophis-punctatus
60c5ab7fe1,nerodia-sipedon
af58bb743b,diadophis-punctatus
eab49156d7,pituophis-catenifer
847a278c9a,crotalus-viridis
22b4344fa1,thamnophis-sirtalis
0297424cbd,diadophis-punctatus
e9aac999b1,storeria-dekayi
45df9e533a,pituophis-catenifer
ac57aad226,lampropeltis-californiae
79b4ba46ed,masticophis-flagellum
890c0055e6,lampropeltis-triangulum
b83e0a56e3,pantherophis-guttatus
ca0e73a30b,storeria-dekayi
5feb234354,storeria-dekayi
7f8f6794e6,pantherophis-spiloides
a4c523e2b2,pantherophis-obsoletus
817e074b35,lampropeltis-triangulum
7019567057,thamnophis-sirtalis
6fecaaf9f8,crotalus-atrox
1bac862621,rhinocheilus-lecontei
ad72ea0194,crotalus-ruber
58cd93d84d,storeria-dekayi
797bf37edf,storeria-dekayi
6c1f740183,pantherophis-obsoletus
22ee9b9874,rhinocheilus-lecontei
586ba03c24,crotalus-horridus
fec707022c,storeria-dekayi
eab43ca7a3,agkistrodon-piscivorus
311d69ffb9,thamnophis-sirtalis
a45609e2f1,crotalus-atrox
2b9e221d99,storeria-dekayi
f8b43d780b,pituophis-catenifer
b982fadd00,thamnophis-sirtalis
59cff921b2,nerodia-erythrogaster
3f304c3d86,lampropeltis-triangulum
d6f1eb568f,thamnophis-sirtalis
0f1924cf80,pantherophis-alleghaniensis
f5b2a347ff,pantherophis-obsoletus
dd818fb360,lampropeltis-californiae
e8fe7df5ad,masticophis-flagellum
cf79767545,thamnophis-sirtalis
6f4a0cf636,agkistrodon-piscivorus
7cb6fcbad3,agkistrodon-piscivorus
9a07607611,diadophis-punctatus
3f63e4612d,agkistrodon-contortrix
e5e4aeeaf7,pantherophis-obsoletus
a3c79fb490,masticophis-flagellum
16fbebdc1f,diadophis-punctatus
274e3979b2,rhinocheilus-lecontei
99e9171fcb,natrix-natrix
0f0969f7d7,heterodon-platirhinos
da7acc2a0f,crotalus-atrox
c685ea9df1,thamnophis-sirtalis
6fa95b4e8d,coluber-constrictor
8ce3cee642,storeria-dekayi
86915f6c43,thamnophis-sirtalis
282ce15a59,pantherophis-obsoletus
21b66186b7,lampropeltis-californiae
7f9dafc904,thamnophis-sirtalis
cfcbf6740c,pituophis-catenifer
7391e1f35e,storeria-dekayi
ac42c482a2,storeria-dekayi
d400216179,pantherophis-obsoletus
18a1ebef0e,diadophis-punctatus
32fee7fe2c,agkistrodon-contortrix
bac648289c,pantherophis-alleghaniensis
6a6723f2d9,thamnophis-sirtalis
e81112e8d1,crotalus-horridus
481f91feb4,opheodrys-aestivus
d5636c22bd,pantherophis-alleghaniensis
25bc9f384d,rhinocheilus-lecontei
eaa7edf8dc,pantherophis-obsoletus
fdb05268b8,lampropeltis-triangulum
e7cf15f7c1,storeria-dekayi
3619f16494,agkistrodon-contortrix
7a27082f24,pantherophis-alleghaniensis
8d98278446,pantherophis-obsoletus
b9d53ffd45,rhinocheilus-lecontei
5d6b176f01,storeria-dekayi
e97ba49b46,nerodia-sipedon
1e04c22e2f,thamnophis-proximus
790aa417c2,thamnophis-sirtalis
b58213e015,crotalus-atrox
042c0fc943,diadophis-punctatus
47f515dbdc,crotalus-atrox
84298633ca,pantherophis-obsoletus
e5a6f90969,pituophis-catenifer
93c3acd68a,crotalus-viridis
7cd411e836,lampropeltis-californiae
78398b7b6c,pituophis-catenifer
59e07d0848,nerodia-rhombifer
75b98c6e29,pantherophis-obsoletus
b681aee40c,storeria-dekayi
ac8fcab5ba,nerodia-sipedon
c68656ee58,thamnophis-sirtalis
a1ae1155b3,thamnophis-sirtalis
c685e04441,thamnophis-sirtalis
b24743c49c,thamnophis-sirtalis
798c090b10,nerodia-erythrogaster
ea135d3a89,opheodrys-aestivus
c06284e0af,thamnophis-sirtalis
fe4b15022b,agkistrodon-contortrix
fbb94e594c,haldea-striatula
5f7a87f204,thamnophis-sirtalis
ed8e92ecf1,crotalus-atrox
9885c6266a,storeria-dekayi
02a78ae220,thamnophis-sirtalis
7b7117f0c1,thamnophis-sirtalis
70355e73f8,storeria-occipitomaculata
2fc72ef3f4,coluber-constrictor
5d3e048c96,storeria-dekayi
25623b3ce6,storeria-dekayi
083e3b50fd,pantherophis-alleghaniensis
0f6b88fcfc,pantherophis-vulpinus
91370ed279,pantherophis-obsoletus
7245fe93b9,storeria-dekayi
9cb7c4fd24,thamnophis-sirtalis
7de50b5bdc,thamnophis-proximus
53a5a161de,heterodon-platirhinos
59fe71d682,nerodia-rhombifer
a8d2967840,haldea-striatula
3355a69bda,agkistrodon-contortrix
5dbde45405,thamnophis-sirtalis
47e66422c8,thamnophis-sirtalis
adaa93af64,thamnophis-sirtalis
4fadd04098,crotalus-atrox
1be8871524,nerodia-sipedon
ab0cd50587,pantherophis-alleghaniensis
9b755092e4,pantherophis-obsoletus
1e998306c0,nerodia-rhombifer
07f075d594,thamnophis-sirtalis
3d35b26c1a,nerodia-erythrogaster
071901eca8,crotalus-horridus
022d71aae9,lampropeltis-triangulum
4e8049b6d0,coluber-constrictor
f354b8dfe7,pituophis-catenifer
f3a74d6ee0,pantherophis-obsoletus
2289e09d6a,lampropeltis-californiae
70483cb8ea,crotalus-atrox
4d53b5cb4d,opheodrys-aestivus
e50bb5978a,diadophis-punctatus
48e9e8aff8,coluber-constrictor
213acb4781,pantherophis-obsoletus
e93cd41190,diadophis-punctatus
7ca16d8c1b,storeria-dekayi
b7fe892e44,thamnophis-sirtalis
374615f6fb,storeria-dekayi
5126df2646,thamnophis-sirtalis
1104584d38,pituophis-catenifer
dff6304429,thamnophis-sirtalis
0c2849a26e,crotalus-atrox
9d4ce5b72f,lampropeltis-californiae
a141a881e2,natrix-natrix
33346242e2,pantherophis-spiloides
0d20d1c1a2,opheodrys-aestivus
731a90d84c,pantherophis-guttatus
5e4c1c7cc2,nerodia-sipedon
9db0bdd59d,opheodrys-aestivus
253843f209,thamnophis-sirtalis
e60709d049,opheodrys-aestivus
054a536789,rhinocheilus-lecontei
bf1a3b7b79,diadophis-punctatus
d0612f3e8a,nerodia-rhombifer
eebe64532a,pantherophis-obsoletus
79594b42ef,nerodia-sipedon
bed81704c1,agkistrodon-piscivorus
cbe0b8c85d,nerodia-rhombifer
5ae808f8fd,lampropeltis-triangulum
5d448c05e1,pantherophis-obsoletus
4d051b9208,thamnophis-sirtalis
88c9cc598c,opheodrys-aestivus
e81c30e876,storeria-dekayi
b9a8b67b16,agkistrodon-contortrix
9dabb5ee25,diadophis-punctatus
7ca6b80658,pantherophis-alleghaniensis
f60d7f670e,agkistrodon-contortrix
55d9dd5142,pantherophis-obsoletus
882a08649b,storeria-dekayi
12fda3c135,thamnophis-sirtalis
8d13d818de,nerodia-erythrogaster
deb68826e6,storeria-dekayi
0b5507f2a9,pantherophis-obsoletus
6925f4782a,pituophis-catenifer
37f32fb0ba,thamnophis-sirtalis
dd832524fa,nerodia-erythrogaster
c1f4d42327,thamnophis-proximus
d803830007,nerodia-sipedon
beec8cc1ba,thamnophis-sirtalis
11a5d8337e,nerodia-sipedon
f143d212b3,agkistrodon-piscivorus
a77509b170,nerodia-sipedon
5c3936c628,nerodia-erythrogaster
21deaeaa17,agkistrodon-contortrix
1dcaaad800,storeria-dekayi
484413b8d3,thamnophis-sirtalis
8f25d1fc53,thamnophis-sirtalis
8d63dc0ed6,thamnophis-proximus
c85a468e26,storeria-dekayi
ba083e8689,pituophis-catenifer
f99d915b6b,coluber-constrictor
855bd99878,storeria-dekayi
2266898888,nerodia-erythrogaster
46058d8161,nerodia-fasciata
c6a13f622c,nerodia-sipedon
e0ed8038c6,masticophis-flagellum
4c11e184fd,nerodia-sipedon
12e603532f,storeria-dekayi
5180638e96,pantherophis-obsoletus
b04dd2adec,nerodia-sipedon
7066af3e95,storeria-dekayi
dfbfdc7fec,pantherophis-alleghaniensis
cfb3f52655,crotalus-atrox
a294303eeb,nerodia-sipedon
f7358c1693,thamnophis-proximus
9be3399776,opheodrys-aestivus
7eab2c68bb,agkistrodon-piscivorus
2a95741853,pantherophis-obsoletus
d5b1906aa1,pantherophis-obsoletus
436330dda2,nerodia-sipedon
d20b9db32d,storeria-dekayi
7aed34b899,nerodia-erythrogaster
65406d36a7,nerodia-fasciata
f4853bcc67,thamnophis-radix
c2719ab3f2,agkistrodon-piscivorus
4d8f022e07,crotalus-viridis
6ef01917c6,crotalus-atrox
fae66dee74,pantherophis-obsoletus
c1acdf0a74,storeria-occipitomaculata
3ded70d7c3,thamnophis-sirtalis
83ab914a6d,thamnophis-elegans
fdbb06d2b0,crotalus-atrox
29c12aa50b,heterodon-platirhinos
f4402d15f7,storeria-occipitomaculata
b1d252ae26,agkistrodon-contortrix
e12901072d,lampropeltis-triangulum
d495120d71,diadophis-punctatus
4380a651bf,thamnophis-sirtalis
0dca38a9c9,storeria-dekayi
c0575f37ac,crotalus-ruber
85bbb1d3fc,lampropeltis-triangulum
047788a264,thamnophis-sirtalis
cf6a306170,storeria-dekayi
3c187495d8,storeria-dekayi
93c4e94fba,pantherophis-obsoletus
a86943e07b,lampropeltis-californiae
c09b16ca15,nerodia-erythrogaster
9b478155ac,nerodia-sipedon
fdce965a85,storeria-dekayi
b86a0e9749,storeria-dekayi
72e92d074b,thamnophis-sirtalis
442a001933,crotalus-horridus
f9ac703430,pantherophis-guttatus
f41723b2b7,storeria-dekayi
9b4ad29201,diadophis-punctatus
0e7368ddf1,thamnophis-sirtalis
b5905be265,pituophis-catenifer
af55a93714,thamnophis-sirtalis
b8022114ff,thamnophis-sirtalis
6869daa30d,heterodon-platirhinos
f6826f3a44,nerodia-erythrogaster
d846222a27,thamnophis-sirtalis
8d8b41be92,lampropeltis-triangulum
f5055dad14,storeria-dekayi
f5464b6c4d,thamnophis-radix
df783face0,pituophis-catenifer
5366409cc9,thamnophis-sirtalis
20070bf8e0,thamnophis-sirtalis
a8ae4b2cc4,storeria-dekayi
ebbfcc7256,storeria-dekayi
e0af3ec1dc,opheodrys-aestivus
f8c29af6a4,nerodia-fasciata
51aeb208e1,storeria-dekayi
4892a7b03e,crotalus-atrox
30d3a273c1,thamnophis-sirtalis
9dea0393b2,diadophis-punctatus
5b06a39081,thamnophis-sirtalis
9acd404c7b,crotalus-atrox
b6467c0d86,pituophis-catenifer
ad18b657f0,nerodia-sipedon
fdf6135552,pantherophis-obsoletus
1af0a36d6c,pantherophis-obsoletus
547f6b9455,pantherophis-obsoletus
bb222ddaa9,lampropeltis-californiae
3e53802c11,crotalus-atrox
44be6183a7,haldea-striatula
c73c3c3b9b,thamnophis-proximus
f519f23157,crotalus-ruber
1e56fb5139,nerodia-sipedon
b4699a9c84,diadophis-punctatus
c25b2a530d,thamnophis-sirtalis
c0c6aa8b10,rhinocheilus-lecontei
88608b60c6,pantherophis-emoryi
1e416f3e13,storeria-dekayi
40988857ce,crotalus-horridus
0c89d31702,nerodia-fasciata
ed26fe7996,storeria-dekayi
94fe7ff244,storeria-dekayi
46ee76ccb8,masticophis-flagellum
d65c2dc896,agkistrodon-piscivorus
b0ebe0ec7c,storeria-dekayi
b976cbbc89,crotalus-atrox
8ba809dab1,lampropeltis-triangulum
375696a37f,diadophis-punctatus
9db974a233,lampropeltis-californiae
31b15b7404,thamnophis-proximus
8d33851a8b,thamnophis-sirtalis
17b3968ced,nerodia-erythrogaster
92dc510a40,opheodrys-aestivus
512fc9e23c,lampropeltis-triangulum
d3a15518ac,nerodia-sipedon
606b454ea5,agkistrodon-contortrix
9e8f1195b3,crotalus-atrox
9b09290d21,pituophis-catenifer
143df6c4aa,agkistrodon-piscivorus
db06bafc17,pantherophis-spiloides
090abdc8b8,nerodia-sipedon
ed7b95d537,storeria-dekayi
ebdbb4edfa,diadophis-punctatus
e51bebd7ce,diadophis-punctatus
65faa9df15,thamnophis-sirtalis
7cf1559b96,nerodia-rhombifer
809a0a209e,thamnophis-sirtalis
14a0397527,pantherophis-obsoletus
db945af48b,heterodon-platirhinos
3338b33890,coluber-constrictor
c3f5e146ba,nerodia-fasciata
722b6323ec,agkistrodon-contortrix
4a6b1852d0,pantherophis-obsoletus
9a73a81dff,crotalus-scutulatus
44e2cc78d3,thamnophis-sirtalis
e36fa6f2e6,pantherophis-obsoletus
37701846eb,opheodrys-aestivus
c4804cb27f,thamnophis-sirtalis
2f774a0168,pituophis-catenifer
477737deba,thamnophis-sirtalis
684a7b08ae,agkistrodon-contortrix
aadfad28f5,lampropeltis-californiae
2847d4e56d,pantherophis-obsoletus
2e9f1674bc,nerodia-erythrogaster
385ea02927,pantherophis-spiloides
aaa615d84a,agkistrodon-piscivorus
4a56a9830a,crotalus-horridus
add4ded433,crotalus-horridus
86cb5618f9,agkistrodon-contortrix
8e1be27f76,coluber-constrictor
41de4add86,nerodia-fasciata
618148c93a,storeria-dekayi
94384b64ee,natrix-natrix
98ca8e97e3,lampropeltis-triangulum
58a809a5da,nerodia-fasciata
c82b0038fb,thamnophis-sirtalis
3e948e13ad,pituophis-catenifer
b77fbe5457,agkistrodon-contortrix
5ea87a2f3d,heterodon-platirhinos
3aaaeb3001,pantherophis-guttatus
855792de01,rhinocheilus-lecontei
a4936afac4,diadophis-punctatus
68570123d7,storeria-dekayi
ab501eeaa1,opheodrys-aestivus
fa68e6c437,thamnophis-sirtalis
b78234966e,thamnophis-sirtalis
d8989a7ebd,thamnophis-sirtalis
de9b02c30b,nerodia-erythrogaster
8d02041d76,pantherophis-guttatus
924799e3f4,agkistrodon-contortrix
9a78bc503d,crotalus-atrox
fe652f12b4,crotalus-scutulatus
ff8781cb80,pantherophis-alleghaniensis
c41ed9c05b,thamnophis-sirtalis
3024fa18e5,agkistrodon-piscivorus
488901ecd7,nerodia-erythrogaster
3bbdab923c,heterodon-platirhinos
08a0158c25,masticophis-flagellum
3563d17587,heterodon-platirhinos
50281e1d1d,crotalus-viridis
a28a1a35a7,nerodia-sipedon
8161449847,nerodia-sipedon
b9179ad8ed,lampropeltis-triangulum
aeeb16bfec,agkistrodon-piscivorus
2c983824a0,crotalus-atrox
8481649aee,natrix-natrix
20f14eedb1,pantherophis-obsoletus
341d33701d,heterodon-platirhinos
df0fb047d2,thamnophis-sirtalis
4228389f4b,lampropeltis-triangulum
0ce760d438,agkistrodon-contortrix
7d316f0c9d,pantherophis-obsoletus
d98003bb75,nerodia-erythrogaster
4f39265344,opheodrys-aestivus
012154c583,pituophis-catenifer
cfa7ab3db8,lampropeltis-triangulum
5ac4d84b46,nerodia-erythrogaster
a1d9f93887,crotalus-atrox
4fa2f1b008,pantherophis-obsoletus
b45b7e4c81,storeria-dekayi
786ba4ba4b,storeria-dekayi
31614aea45,lampropeltis-californiae
d111dafe36,nerodia-erythrogaster
c2608c8551,storeria-dekayi
cc7b9bd6ed,pantherophis-obsoletus
9582dbeb27,pantherophis-alleghaniensis
1e665d3a05,thamnophis-sirtalis
50d38f3707,nerodia-sipedon
79818ed7bd,pantherophis-alleghaniensis
13ebc1770d,storeria-dekayi
92643765f4,thamnophis-sirtalis
c5b4577265,crotalus-atrox
46e4512b8e,thamnophis-radix
79e5a876ae,nerodia-erythrogaster
eda032e523,storeria-dekayi
0fd905ded1,storeria-occipitomaculata
ef82006232,lampropeltis-triangulum
4b823fb6b9,agkistrodon-piscivorus
c71ddedbd6,thamnophis-sirtalis
8ab088c8fe,pantherophis-obsoletus
2a686ef996,crotalus-atrox
44827e0c96,crotalus-ruber
c3c66a42cd,thamnophis-sirtalis
97a2c7ecb7,opheodrys-aestivus
68f05a3a85,nerodia-erythrogaster
d67f206f3d,pantherophis-obsoletus
1b9dd02d06,thamnophis-radix
7cead4b1c3,thamnophis-sirtalis
785a849ff5,crotalus-atrox
02fa6b3ee5,pantherophis-obsoletus
87318c3aca,storeria-dekayi
bb4b7c9f3b,thamnophis-sirtalis
647d580a8c,thamnophis-sirtalis
c28fa93914,pantherophis-obsoletus
1d6504604f,masticophis-flagellum
b960c924af,thamnophis-sirtalis
95f24f6dbf,pantherophis-obsoletus
144981a319,crotalus-viridis
c5843ff6bc,storeria-dekayi
3981bb53f1,nerodia-fasciata
8cb6eebb38,agkistrodon-contortrix
8111c15451,heterodon-platirhinos
0dddf76dfe,heterodon-platirhinos
5421f5b6ca,pantherophis-alleghaniensis
f2d94b49ca,thamnophis-sirtalis
76cdffaffb,lampropeltis-triangulum
46a6a306fc,natrix-natrix
2b6245d77b,opheodrys-aestivus
c47c82122f,storeria-dekayi
c04ef971c2,nerodia-erythrogaster
d112dcec1e,storeria-dekayi
6c78d9c8ce,agkistrodon-piscivorus
1d3c4f7d2f,storeria-dekayi
9c88832a7a,storeria-dekayi
0cc412b743,thamnophis-sirtalis
813751c7fe,thamnophis-sirtalis
fba47323dd,nerodia-erythrogaster
4733a797e4,pantherophis-spiloides
811119a90b,thamnophis-sirtalis
0d08d8becf,thamnophis-sirtalis
f3bdc27db9,thamnophis-sirtalis
bbe79f4604,pantherophis-obsoletus
d5fb0f6816,crotalus-atrox
f94be71c7a,thamnophis-sirtalis
4a247becfb,opheodrys-aestivus
89a8cb0e76,storeria-occipitomaculata
ef54757e06,pantherophis-obsoletus
da8f5e5486,lampropeltis-californiae
386f649b46,thamnophis-sirtalis
ef07005750,pantherophis-obsoletus
33c33c3665,pantherophis-alleghaniensis
d919c074ed,pantherophis-obsoletus
343d7275b2,storeria-dekayi
1794be2478,thamnophis-sirtalis
038eefc633,pantherophis-obsoletus
033c590985,lampropeltis-californiae
1288525568,crotalus-horridus
3b0596bd51,pantherophis-obsoletus
84191bfd5a,thamnophis-sirtalis
11660a3b49,crotalus-horridus
b5b4689c0d,masticophis-flagellum
6bc53a3ab8,crotalus-horridus
c095ab66df,crotalus-atrox
6f44735f58,nerodia-sipedon
2f3f358d43,diadophis-punctatus
da3f1c4d6e,pantherophis-obsoletus
0b975a80ed,storeria-dekayi
e27ca7d445,nerodia-sipedon
14c1f66246,thamnophis-sirtalis
69d4b15fd1,lampropeltis-triangulum
657cdeaa72,thamnophis-sirtalis
5b356b946f,pantherophis-obsoletus
8b2bbb9546,masticophis-flagellum
2b8b168c61,diadophis-punctatus
e3654cac52,lampropeltis-californiae
65683b5376,storeria-dekayi
fc4dbc6d5d,storeria-dekayi
3dccd63a1c,thamnophis-sirtalis
25891d7e28,crotalus-atrox
7d47015e7f,crotalus-atrox
451a823673,agkistrodon-piscivorus
d930d37135,lampropeltis-californiae
b937924469,lampropeltis-californiae
ad64e08277,pantherophis-emoryi
19bd628df5,thamnophis-sirtalis
f247f88b68,pantherophis-obsoletus
ba00658f4c,storeria-occipitomaculata
68722a30ea,agkistrodon-piscivorus
36beae29d4,pantherophis-guttatus
ce8b6913f4,nerodia-sipedon
fbf220a77a,pantherophis-alleghaniensis
5cb1e2553b,crotalus-atrox
992f8823fb,coluber-constrictor
c10ff40811,thamnophis-sirtalis
b1d492d342,haldea-striatula
713804346e,agkistrodon-piscivorus
1c54dbdb06,pantherophis-alleghaniensis
db28e1151c,storeria-dekayi
162a7cdf2a,nerodia-rhombifer
e9d344e301,lampropeltis-triangulum
8610476c82,pantherophis-obsoletus
054481ab8f,thamnophis-radix
881fd4dc15,diadophis-punctatus
01bc7841f0,thamnophis-sirtalis
11f0e3c25b,pituophis-catenifer
68642c8410,pantherophis-vulpinus
b73f6347cd,lampropeltis-californiae
b3452f1934,thamnophis-sirtalis
963998afb6,crotalus-atrox
6dbd0674dd,lampropeltis-californiae
7ed1337bff,nerodia-sipedon
55e04b0100,crotalus-atrox
a8827df7c1,crotalus-horridus
1f393e851f,haldea-striatula
54d2fa2eda,thamnophis-elegans
d93873fdb7,thamnophis-sirtalis
bf1a6aa6aa,thamnophis-sirtalis
7c63285d95,crotalus-atrox
ce17bee7ea,nerodia-sipedon
fa0e46865e,storeria-dekayi
c2ad7b1b76,nerodia-rhombifer
6dea60b535,nerodia-erythrogaster
73bda1efb3,rhinocheilus-lecontei
0a92678115,agkistrodon-contortrix
8bb0c18e00,thamnophis-sirtalis
15f4557735,nerodia-erythrogaster
72d0f049bf,storeria-dekayi
f35100aade,agkistrodon-contortrix
d44c8d5314,pantherophis-spiloides
0fa9fc3183,pituophis-catenifer
c484be18d6,coluber-constrictor
d6279d9ecd,thamnophis-sirtalis
a1c21d6672,coluber-constrictor
bde7c1f5cc,nerodia-sipedon
e1dce31f83,thamnophis-sirtalis
227ad5b05c,thamnophis-sirtalis
b830d5dbe5,nerodia-sipedon
ccb79ed307,haldea-striatula
fef6cec454,storeria-dekayi
b9509d1721,thamnophis-sirtalis
6f3af7373d,pantherophis-obsoletus
57db3594db,nerodia-sipedon
2472af6c57,heterodon-platirhinos
bd43b49990,lampropeltis-californiae
64b358a9bb,opheodrys-aestivus
a59422c281,pituophis-catenifer
6cbc15a33e,natrix-natrix
48a78ec539,diadophis-punctatus
ec24a7dba0,pituophis-catenifer
49734a6ebf,agkistrodon-piscivorus
01008992e9,storeria-dekayi
11790d01c8,thamnophis-sirtalis
40b8fc0e84,thamnophis-sirtalis
14b51564a5,storeria-occipitomaculata
5a7b351a60,thamnophis-sirtalis
2a7b6c5b9c,thamnophis-sirtalis
26cab4eb5c,coluber-constrictor
f03aa5df7a,nerodia-erythrogaster
b19e082892,pantherophis-alleghaniensis
cb82fa561f,pituophis-catenifer
902a71bf05,pantherophis-obsoletus
7bf3a6739b,nerodia-sipedon
8a604f1ddc,thamnophis-sirtalis
7f926d3284,nerodia-sipedon
96958ebf1b,thamnophis-sirtalis
9886f29ea0,coluber-constrictor
a151d5bd1d,rhinocheilus-lecontei
601a036889,heterodon-platirhinos
ace74db921,crotalus-ruber
f92fe5e5b0,pantherophis-obsoletus
49f08ece45,nerodia-sipedon
b8c09adadc,nerodia-sipedon
8b704e36a2,crotalus-horridus
3fd328c40e,nerodia-erythrogaster
07a1325194,pantherophis-obsoletus
559a737051,pantherophis-obsoletus
9784892755,storeria-dekayi
6b1f376295,nerodia-sipedon
2e0d21aede,thamnophis-sirtalis
4cb6776f57,thamnophis-sirtalis
dad51cd1dd,pituophis-catenifer
160ff28e12,agkistrodon-contortrix
ac2b560e59,opheodrys-aestivus
80960684df,diadophis-punctatus
dda7fe77cf,thamnophis-sirtalis
41b6e2b209,crotalus-viridis
4e786381ff,pantherophis-guttatus
e6f6b08dc0,thamnophis-sirtalis
39ae08a8a2,heterodon-platirhinos
07ad933b01,nerodia-erythrogaster
ab72fae277,rhinocheilus-lecontei
17b254d95e,nerodia-erythrogaster
d0a8efe351,storeria-dekayi
ccf22994e8,nerodia-sipedon
dc912c11c4,pantherophis-obsoletus
cd41d47965,pantherophis-obsoletus
c73f697001,pantherophis-alleghaniensis
bf0251ff3c,pantherophis-alleghaniensis
42649255bc,lampropeltis-triangulum
293259d508,agkistrodon-piscivorus
4cc20d0bc8,diadophis-punctatus
8fabf4c798,pantherophis-obsoletus
5d0faf4c7b,thamnophis-radix
e739a016b4,agkistrodon-contortrix
222f09d68c,nerodia-erythrogaster
a4bf73e176,opheodrys-aestivus
b137ef058f,pantherophis-alleghaniensis
c1039f5273,nerodia-erythrogaster
b8c8491cb6,pituophis-catenifer
ee31dcdf27,pituophis-catenifer
718bc14e1a,thamnophis-sirtalis
67fea1ff7d,thamnophis-radix
e801ee6840,storeria-dekayi
8d2b02a4b8,lampropeltis-californiae
1fff5a46d7,pantherophis-obsoletus
045f997c55,storeria-dekayi
c724879503,thamnophis-sirtalis
ceb38802d8,thamnophis-sirtalis
f54c8489c0,crotalus-atrox
8a1aa78cda,nerodia-erythrogaster
a89830d58e,diadophis-punctatus
857c430acc,pituophis-catenifer
727d39c386,thamnophis-sirtalis
e46e1ff177,nerodia-sipedon
ff36f08f54,thamnophis-sirtalis
42b9ebe601,thamnophis-sirtalis
6c2e15cfe3,storeria-dekayi
b0b4a61772,thamnophis-sirtalis
c08388a48f,lampropeltis-triangulum
bbfba08e73,crotalus-atrox
8d52547e5f,pituophis-catenifer
34e6afb98b,nerodia-fasciata
5d82166868,thamnophis-sirtalis
991a9dbcb3,thamnophis-marcianus
e0b2962c83,crotalus-atrox
57050111e0,thamnophis-sirtalis
559ed5ed62,rhinocheilus-lecontei
cfa6f0c0ea,rhinocheilus-lecontei
68ffd2a53a,thamnophis-sirtalis
b9afe1d694,thamnophis-sirtalis
03e5159380,nerodia-erythrogaster
7b9765dd01,crotalus-viridis
5b1613f007,nerodia-erythrogaster
a48ae72b05,haldea-striatula
55558305ba,lampropeltis-triangulum
895249fbf8,storeria-dekayi
3dcee426bd,nerodia-sipedon
0dffc5dc0a,crotalus-atrox
fbda0ff664,crotalus-horridus
47241a7a2f,nerodia-sipedon
d417d4f631,thamnophis-sirtalis
23ad837e57,crotalus-ruber
6f2c9b0a8e,coluber-constrictor
a01abc8b06,pantherophis-obsoletus
c6ca718826,heterodon-platirhinos
ab888375df,lampropeltis-californiae
2b1db1ded4,storeria-dekayi
fd6832ac73,nerodia-erythrogaster
485a5b3419,agkistrodon-piscivorus
aedeb630da,thamnophis-sirtalis
09f01bb907,lampropeltis-californiae
a763ba3648,thamnophis-sirtalis
dc5f2f060a,opheodrys-aestivus
dd01683edc,storeria-dekayi
e931b94a50,diadophis-punctatus
fa58c0f04f,diadophis-punctatus
e2c8b01054,crotalus-atrox
15ddd7bca3,nerodia-sipedon
f00a203827,nerodia-fasciata
1cc583c86f,storeria-dekayi
8ae15dfb92,nerodia-erythrogaster
71150f768b,opheodrys-aestivus
0823016b69,crotalus-viridis
d21d7e61ca,diadophis-punctatus
063269761f,thamnophis-radix
700d8ecd83,pituophis-catenifer
4d2a67a53b,storeria-occipitomaculata
3292dbb525,lampropeltis-triangulum
207bea7c2e,rhinocheilus-lecontei
f47788339e,pantherophis-alleghaniensis
79104dbf66,crotalus-viridis
42378b3f2f,thamnophis-sirtalis
2a44495fb7,lampropeltis-californiae
3e2ea403b2,lampropeltis-triangulum
f7e249aed9,storeria-dekayi
b92b1aedcc,crotalus-atrox
e1d6453f2b,pantherophis-obsoletus
cceb5470db,nerodia-erythrogaster
8486c55d6c,nerodia-erythrogaster
a0dd47833b,agkistrodon-piscivorus
1e056656bf,thamnophis-sirtalis
0b739e266e,crotalus-atrox
0394781976,storeria-dekayi
13d58ec6aa,agkistrodon-contortrix
860bb58cdf,crotalus-atrox
9f6fd47396,pantherophis-obsoletus
295ab7d70f,thamnophis-proximus
e0e5b99f06,pantherophis-obsoletus
af99899112,pituophis-catenifer
a2d253f06d,pantherophis-obsoletus
db517bd3e6,crotalus-atrox
6c5e01ce28,nerodia-erythrogaster
ad94af4567,crotalus-horridus
a45fc803c9,thamnophis-radix
bfae6bd6d5,crotalus-atrox
688b2608c8,pituophis-catenifer
3aedf03b93,haldea-striatula
2988f6b14e,thamnophis-sirtalis
22533e6b71,masticophis-flagellum
ff7735def6,masticophis-flagellum
292607026b,pantherophis-guttatus
3ccb420d0c,crotalus-atrox
13a059d87a,nerodia-rhombifer
3c083b4590,nerodia-rhombifer
2cefdedb33,pantherophis-obsoletus
a60ce6d077,nerodia-rhombifer
5bb72556f9,pantherophis-obsoletus
9ebfc32ad0,nerodia-sipedon
f962e3439e,coluber-constrictor
1930c4ef59,pantherophis-obsoletus
36ff5e2a56,crotalus-atrox
17f7991a24,pantherophis-obsoletus
e2852dfcc2,natrix-natrix
cac1cf0907,opheodrys-aestivus
6bc32ee53e,nerodia-erythrogaster
6fcc4ea871,pantherophis-obsoletus
b4d280970e,thamnophis-sirtalis
c0062f2cd3,storeria-dekayi
1debbd0daa,agkistrodon-piscivorus
9e7a2e94c4,storeria-occipitomaculata
b688c60e29,thamnophis-sirtalis
9315a4a9e9,thamnophis-proximus
fb5fc3ff56,storeria-dekayi
87608051e5,crotalus-scutulatus
b99098909e,thamnophis-sirtalis
47a8ec4f3e,crotalus-viridis
bd95ef304d,pituophis-catenifer
9b07f3eacf,agkistrodon-piscivorus
3412a66683,storeria-dekayi
867f2ef9d9,lampropeltis-triangulum
5b4838e1e5,storeria-dekayi
6ca03f6d63,opheodrys-aestivus
3f59a08941,nerodia-sipedon
91fb4fb5e5,pantherophis-alleghaniensis
825908cce1,crotalus-atrox
9d0d36b4b2,lampropeltis-californiae
a869568b74,crotalus-atrox
4bb31fa285,thamnophis-proximus
8b8357c908,opheodrys-aestivus
452124f26d,crotalus-horridus
820f329919,thamnophis-sirtalis
662449a569,thamnophis-proximus
2cb9a689f8,storeria-dekayi
ac132f5934,storeria-dekayi
55c5a2a0bb,lampropeltis-triangulum
77cdc9894e,pituophis-catenifer
b0669937f2,thamnophis-sirtalis
416e8f5071,lampropeltis-triangulum
044b47bb18,thamnophis-marcianus
b11275c440,agkistrodon-contortrix
6d644b2b27,crotalus-horridus
fe3fe692d4,crotalus-atrox
57ef22b097,agkistrodon-contortrix
d9fca7fbeb,crotalus-atrox
f3ecca6910,storeria-dekayi
2004e8fe2c,diadophis-punctatus
5ed983ebe4,thamnophis-sirtalis
0ce29ac201,opheodrys-aestivus
3327333217,pantherophis-obsoletus
ba126f9814,agkistrodon-contortrix
58a86e1fbc,pantherophis-obsoletus
ce51028899,storeria-dekayi
a075ddf05c,agkistrodon-contortrix
27fe381477,pantherophis-obsoletus
5fa87ae1fc,nerodia-sipedon
b5293b81b0,crotalus-scutulatus
5653096047,agkistrodon-contortrix
37503e8da9,crotalus-atrox
aee44249a7,thamnophis-sirtalis
15003d8072,thamnophis-sirtalis
26ea706d87,thamnophis-sirtalis
b107b5bfec,rhinocheilus-lecontei
e2fcddeb52,pituophis-catenifer
3abfa44d66,pantherophis-alleghaniensis
575fd1acd4,pantherophis-obsoletus
4e595ab339,thamnophis-sirtalis
eaedb4aeea,agkistrodon-contortrix
f26b948e46,thamnophis-sirtalis
9f10e1116b,pantherophis-alleghaniensis
da3f536aeb,pantherophis-obsoletus
14265d230f,lampropeltis-californiae
87403ef53d,nerodia-sipedon
b6ffe43c55,thamnophis-sirtalis
75ebbc0cd3,opheodrys-aestivus
b1e89ad24e,thamnophis-sirtalis
56c9e212e1,crotalus-atrox
c375eaa47c,crotalus-horridus
9d60408184,pantherophis-guttatus
7c700cba7a,pantherophis-spiloides
4846c2ff38,lampropeltis-triangulum
cca13460db,thamnophis-sirtalis
ace4428288,agkistrodon-piscivorus
f93b01cf67,haldea-striatula
381cd1d7b0,nerodia-sipedon
30e4144ba5,storeria-dekayi
c96674a57e,thamnophis-sirtalis
b5fa9c891c,coluber-constrictor
857dc26592,nerodia-rhombifer
a76c44bb89,lampropeltis-triangulum
82e701f9a7,agkistrodon-contortrix
9e2d9ab3e2,rhinocheilus-lecontei
a8ea06d10f,pituophis-catenifer
594cc3fd5a,masticophis-flagellum
66533f8fc8,agkistrodon-contortrix
393100f69f,agkistrodon-piscivorus
be611db16b,heterodon-platirhinos
e5a3e55619,nerodia-erythrogaster
ab227abef4,nerodia-erythrogaster
f89b383858,thamnophis-radix
bc050ff130,nerodia-sipedon
56c75093dd,lampropeltis-triangulum
63da8e83a5,agkistrodon-piscivorus
ccd7709ba8,pituophis-catenifer
624a6c0459,thamnophis-sirtalis
f6f493238e,pantherophis-alleghaniensis
8ea489d2ec,storeria-dekayi
4414687ddb,thamnophis-sirtalis
16768932e7,crotalus-atrox
4c3eb5bfb1,diadophis-punctatus
29da4e905f,thamnophis-sirtalis
3e77a414cf,nerodia-sipedon
480178afdb,pantherophis-guttatus
da1aeaec34,agkistrodon-piscivorus
f9d30e7c25,thamnophis-sirtalis
6c8893e5b9,nerodia-sipedon
fcb8d0382d,thamnophis-sirtalis
5ede340e32,nerodia-erythrogaster
d1ef8c5ebe,crotalus-atrox
20c98b7d75,natrix-natrix
a32ca206e4,opheodrys-aestivus
b14024890c,agkistrodon-piscivorus
eadd4b193b,thamnophis-sirtalis
1309de6784,pantherophis-guttatus
8c0ecbc291,thamnophis-sirtalis
86be30154b,pantherophis-obsoletus
9cb8de814e,pantherophis-obsoletus
5f255f8a6f,heterodon-platirhinos
d6ed42c50b,pituophis-catenifer
6ffd88def2,crotalus-atrox
348d974fa5,thamnophis-radix
6ff13e6eb6,storeria-dekayi
d441752d22,nerodia-rhombifer
d582a92123,nerodia-sipedon
fa6146a028,pituophis-catenifer
35a1801b68,agkistrodon-contortrix
9ecc4721bf,crotalus-viridis
7be7d952f8,nerodia-sipedon
d58eda8969,lampropeltis-triangulum
998a1cbe5a,pituophis-catenifer
2f28b83984,haldea-striatula
54126ca78d,diadophis-punctatus
d47dbad6f9,crotalus-atrox
b70ed6998c,agkistrodon-piscivorus
351a52d327,thamnophis-proximus
66c69c2d1a,opheodrys-aestivus
e09b662bd5,pantherophis-obsoletus
f457c263c5,thamnophis-sirtalis
1996c3c0a0,heterodon-platirhinos
80c77ea095,pantherophis-obsoletus
8fea7a6f67,pituophis-catenifer
e496c7ae34,crotalus-atrox
c33c94bd3d,agkistrodon-contortrix
356311d35c,crotalus-scutulatus
00fefc891d,crotalus-ruber
4d8e2d733d,nerodia-erythrogaster
8b16f8a4e1,nerodia-erythrogaster
c606bb7282,pituophis-catenifer
07265abede,thamnophis-sirtalis
b5171d3348,agkistrodon-contortrix
00a3b82892,pituophis-catenifer
e9b38ba43f,thamnophis-sirtalis
27046a7f7d,opheodrys-aestivus
325e2a718c,opheodrys-aestivus
bd3de164e8,storeria-dekayi
05bbc5070b,thamnophis-sirtalis
fe4bdf4f63,crotalus-atrox
f4459bc74a,agkistrodon-contortrix
77dd465e89,rhinocheilus-lecontei
9db61dea8b,pantherophis-guttatus
d66c3f3d34,crotalus-horridus
986467ee6d,lampropeltis-triangulum
bc055cfcf1,crotalus-viridis
febc601a64,pantherophis-obsoletus
4fb62fe5f4,pantherophis-obsoletus
5c0dcbb923,lampropeltis-triangulum
e405656b1b,storeria-dekayi
89ac32a56d,thamnophis-radix
e037e771c3,thamnophis-sirtalis
dd13ef5784,pantherophis-emoryi
f5f14dcdd2,nerodia-sipedon
7d40454b7b,agkistrodon-contortrix
cbe325ab91,crotalus-atrox
8b8f0dd5e6,pantherophis-obsoletus
fc58e19ca0,storeria-dekayi
5e0fe76874,pantherophis-spiloides
e42020f71e,masticophis-flagellum
6ee21f4bbc,pituophis-catenifer
7e25f7155c,thamnophis-marcianus
aba879e0f7,agkistrodon-piscivorus
79e730fef9,storeria-occipitomaculata
2d0a449a11,thamnophis-sirtalis
ddeaf09179,lampropeltis-californiae
50a7c39fb7,lampropeltis-triangulum
018c739beb,natrix-natrix
fc94ed1d6d,agkistrodon-contortrix
230c70d896,crotalus-atrox
d2084ae837,nerodia-sipedon
580f638042,thamnophis-sirtalis
cd8dc76a5a,diadophis-punctatus
c8ca8f0048,storeria-dekayi
ef1690ca4f,pituophis-catenifer
d484524f6a,storeria-dekayi
3e12eda545,storeria-dekayi
2874500090,thamnophis-sirtalis
279efc0706,lampropeltis-californiae
ff8722be40,thamnophis-sirtalis
d1741bbdfa,storeria-dekayi
277dc08855,nerodia-sipedon
79ce251e0a,crotalus-atrox
ec2cb44a7f,pantherophis-alleghaniensis
f13f3085ae,lampropeltis-californiae
368907beeb,nerodia-erythrogaster
cbb770ff5a,thamnophis-sirtalis
543995ea87,lampropeltis-triangulum
07624666fb,agkistrodon-contortrix
bd32389689,pantherophis-guttatus
f22cb96859,crotalus-atrox
0a78ca4bcb,agkistrodon-piscivorus
d6a80b7b94,thamnophis-sirtalis
ebcbf1382f,agkistrodon-contortrix
c334072feb,storeria-dekayi
2e97263a6b,diadophis-punctatus
77321df6c5,crotalus-atrox
779248244f,lampropeltis-californiae
8f336f0634,thamnophis-sirtalis
7bf2980a9d,thamnophis-sirtalis
4bbc8c4bcb,lampropeltis-californiae
e4827f9295,agkistrodon-piscivorus
bdbd9d005c,haldea-striatula
8b9db7077f,pituophis-catenifer
ca33c6d5ad,agkistrodon-contortrix
2abb924a58,pantherophis-obsoletus
ccdceb7b04,agkistrodon-piscivorus
1c53a0e9af,nerodia-sipedon
9d5e6df395,thamnophis-marcianus
14766b3230,pantherophis-obsoletus
336c730066,thamnophis-sirtalis
b4f2848f54,lampropeltis-triangulum
c7c9fdada6,pantherophis-alleghaniensis
2ea0beae2d,pantherophis-obsoletus
093655b322,crotalus-atrox
5eab328c5b,agkistrodon-piscivorus
5955a29848,crotalus-atrox
07437a1fe8,nerodia-sipedon
f63b571452,lampropeltis-triangulum
2632a10a71,storeria-dekayi
274fd61c14,nerodia-erythrogaster
a7f5375ba7,haldea-striatula
f037d55664,pantherophis-alleghaniensis
138924be68,pantherophis-guttatus
acd563d446,diadophis-punctatus
4b381d7348,pantherophis-alleghaniensis
0ae45b5aaa,nerodia-sipedon
a853ecfce0,diadophis-punctatus
f7ab9a3e13,pantherophis-alleghaniensis
231da2602e,diadophis-punctatus
48ac7f1c7d,nerodia-sipedon
770de8c393,pantherophis-alleghaniensis
2049112874,thamnophis-sirtalis
d5c6a36fb3,pantherophis-alleghaniensis
5d5286410a,diadophis-punctatus
fbd2e05f9d,pantherophis-obsoletus
5cb1e77e60,thamnophis-sirtalis
016c384a1a,diadophis-punctatus
7b7a456cd9,storeria-dekayi
99e3cdcc39,storeria-dekayi
a3df4a6366,thamnophis-sirtalis
3b99bf84d6,storeria-occipitomaculata
59cd4c4417,pantherophis-spiloides
a44d993fbe,lampropeltis-triangulum
806789a916,storeria-dekayi
10c35c9661,storeria-dekayi
d5998a22fb,agkistrodon-contortrix
f08e8cb28b,pantherophis-alleghaniensis
d931cd921f,storeria-dekayi
5ab3fc3b21,crotalus-atrox
9310ca3b13,thamnophis-sirtalis
990d9f9cc7,nerodia-sipedon
b883a88123,agkistrodon-contortrix
659e1304ed,pituophis-catenifer
632568f983,agkistrodon-piscivorus
82b4daee47,thamnophis-sirtalis
9e08e2e7c0,thamnophis-proximus
995da4bdfe,nerodia-sipedon
9ba5f59e0d,agkistrodon-contortrix
ecc2bff41e,thamnophis-sirtalis
48807c6a7f,pantherophis-obsoletus
f9bfc13a70,agkistrodon-contortrix
0bc8c8b3d9,nerodia-rhombifer
9cd4b65c2c,opheodrys-aestivus
511dffe7d2,agkistrodon-contortrix
0d885db042,storeria-dekayi
10ff7e57d3,lampropeltis-californiae
b9551ebdb5,crotalus-horridus
bb4acca82d,thamnophis-sirtalis
6a5c796675,pantherophis-alleghaniensis
3ccba0002a,opheodrys-aestivus
521a24cb0a,lampropeltis-triangulum
7db0e926a2,opheodrys-aestivus
82335fe2c5,lampropeltis-californiae
5f9a9502e6,natrix-natrix
10cea40844,agkistrodon-piscivorus
a370764eb5,thamnophis-marcianus
f5f5fa2cb8,storeria-dekayi
662387370b,haldea-striatula
c68022554f,pantherophis-obsoletus
c36db9f26d,nerodia-sipedon
cbfddc9c88,crotalus-atrox
cc51485193,pituophis-catenifer
ca424e0558,pantherophis-obsoletus
af114ec554,crotalus-viridis
cbd8652fef,nerodia-sipedon
80da121cf4,agkistrodon-contortrix
108da1072a,pituophis-catenifer
66f17263f8,pituophis-catenifer
f5752a0f0a,agkistrodon-piscivorus
e7e867160a,thamnophis-sirtalis
ca291a5737,thamnophis-sirtalis
7f8c875465,haldea-striatula
195a2f4c3a,nerodia-erythrogaster
2757eb8bbd,pantherophis-spiloides
53d596c447,thamnophis-sirtalis
18a07e89ac,pantherophis-obsoletus
1c806c5b9b,nerodia-sipedon
a8fae46a5a,pantherophis-obsoletus
eab9b89ad9,storeria-dekayi
3afe948592,nerodia-erythrogaster
7230d4cc69,agkistrodon-contortrix
35e116cab9,agkistrodon-contortrix
f7cf344e61,pituophis-catenifer
113f968224,coluber-constrictor
b1fb6982cd,crotalus-atrox
d50bdf5b2d,storeria-occipitomaculata
5c818f58a7,crotalus-atrox
533805ace7,lampropeltis-triangulum
783d628cbf,thamnophis-sirtalis
543bb54091,thamnophis-proximus
59411ea382,nerodia-rhombifer
7326d26554,coluber-constrictor
5b848633ea,pantherophis-alleghaniensis
a1ba32ac3d,thamnophis-sirtalis
c368ede9c3,thamnophis-sirtalis
f1bae12c32,thamnophis-proximus
534d81b3e3,crotalus-horridus
91a95ef9cb,crotalus-horridus
78eac1ae97,thamnophis-sirtalis
f05faa4bb1,lampropeltis-triangulum
f748cf3f7e,thamnophis-sirtalis
142141ec62,coluber-constrictor
c52ac38aa0,crotalus-horridus
2c6828452e,thamnophis-sirtalis
36cc932452,diadophis-punctatus
459bff3c88,pantherophis-obsoletus
c75bd067fd,opheodrys-aestivus
379c96f9ac,crotalus-atrox
65ba6853da,nerodia-erythrogaster
0db0392426,storeria-dekayi
b095d3ea2d,lampropeltis-triangulum
3415603d3c,opheodrys-aestivus
dafd6dd941,thamnophis-sirtalis
a7bce1f266,lampropeltis-triangulum
c6a741646d,crotalus-atrox
60dcbd5c62,pantherophis-guttatus
f8f3d41360,lampropeltis-californiae
9b5e5fd103,rhinocheilus-lecontei
08f107e1e0,thamnophis-sirtalis
d96a2f8208,rhinocheilus-lecontei
b03b72c2eb,lampropeltis-californiae
c4b9384f10,nerodia-sipedon
6f2637eba0,storeria-dekayi
e7fbaf1783,pantherophis-obsoletus
2b07b7f1fc,storeria-dekayi
22784e30bd,storeria-dekayi
fc99bec64d,thamnophis-sirtalis
e759f3eb2e,pantherophis-spiloides
9b56093388,crotalus-ruber
985cdf296c,thamnophis-proximus
af183d1608,crotalus-atrox
ebf7de46e9,crotalus-ruber
043d5f3770,thamnophis-sirtalis
0b36bcded4,opheodrys-aestivus
01ef98f8e1,nerodia-erythrogaster
47efeda4fa,thamnophis-sirtalis
fa62eae8c5,pantherophis-emoryi
3da4f0bcba,thamnophis-sirtalis
817a7ca50c,lampropeltis-californiae
4bb367498c,pituophis-catenifer
aca563e081,pantherophis-guttatus
c6db7228bb,pantherophis-alleghaniensis
8e4a48cec4,storeria-dekayi
a3da69708a,thamnophis-sirtalis
b142b8a891,lampropeltis-californiae
4142bb2db1,pantherophis-alleghaniensis
db3125c33e,thamnophis-sirtalis
5a2623981f,crotalus-atrox
4b63db7a28,agkistrodon-contortrix
5a67e89081,storeria-dekayi
b250c512df,haldea-striatula
d952649529,storeria-dekayi
3ac12b3402,diadophis-punctatus
6b15e3ec5f,crotalus-atrox
e4fa7fdae2,pituophis-catenifer
3c79a2b1b5,storeria-dekayi
63d96d44bd,pantherophis-spiloides
dc0f71785b,storeria-occipitomaculata
3715978259,crotalus-atrox
5c02da1538,pituophis-catenifer
a56a6fe0a7,pituophis-catenifer
1ca029bf84,lampropeltis-triangulum
053bbbfcb7,pituophis-catenifer
3a231f98df,storeria-dekayi
ef3c60bc6b,pantherophis-guttatus
82c4e51f8a,agkistrodon-piscivorus
2c9e196186,thamnophis-sirtalis
7c712866ff,coluber-constrictor
fa72b3fe67,pantherophis-guttatus
2b8d448683,nerodia-sipedon
a75b4f3fb0,lampropeltis-triangulum
7f2892af39,haldea-striatula
9877d40edb,pantherophis-obsoletus
603192bd4c,lampropeltis-triangulum
44a1a3e35f,diadophis-punctatus
9b5096caa1,crotalus-ruber
8dc1f0796e,pituophis-catenifer
53e70d9cee,thamnophis-sirtalis
1b8242b960,pantherophis-obsoletus
03158930ae,crotalus-ruber
6039af7619,pantherophis-obsoletus
190a575a41,nerodia-sipedon
2fc944bb61,crotalus-atrox
d23b088919,agkistrodon-contortrix
f17ff6178e,nerodia-sipedon
401f315389,pituophis-catenifer
bd2046b98f,pantherophis-obsoletus
64808b2252,pantherophis-obsoletus
abc0495ee8,pantherophis-alleghaniensis
cb9f92f658,nerodia-sipedon
7289b39618,pantherophis-alleghaniensis
d04605b05d,pantherophis-obsoletus
5cc447b09a,thamnophis-sirtalis
902ba5f792,crotalus-horridus
a0c3ea95cd,agkistrodon-contortrix
93238c9b55,lampropeltis-triangulum
9510d33970,agkistrodon-contortrix
cc01857305,pantherophis-obsoletus
c379d985be,crotalus-atrox
30d87fe508,crotalus-viridis
d49df213b1,storeria-dekayi
9262535d19,opheodrys-aestivus
954cf7d09a,crotalus-horridus
07adf1b336,agkistrodon-piscivorus
25b2fbd6ca,pituophis-catenifer
d67ee11156,thamnophis-proximus
4bb9005883,nerodia-erythrogaster
d26718bf1b,storeria-dekayi
f553f2da1c,crotalus-atrox
4bef4cae1b,thamnophis-radix
cc4949ffe3,pituophis-catenifer
8cffcf426d,thamnophis-sirtalis
17bff00b28,pantherophis-obsoletus
e7b04cfe8c,nerodia-erythrogaster
910ad43321,pantherophis-obsoletus
14b9be3fc8,thamnophis-sirtalis
d210b0b664,crotalus-scutulatus
c20c4fedeb,crotalus-horridus
7aa2349bd4,pantherophis-spiloides
22ee6908b7,diadophis-punctatus
99d080b04b,masticophis-flagellum
91111d3298,thamnophis-sirtalis
bcaa37e00c,storeria-dekayi
e8e4c7fbb1,thamnophis-sirtalis
ad27b3dc95,storeria-dekayi
96c0e968cf,crotalus-atrox
c935ce3db7,thamnophis-sirtalis
b6f53fbd8e,pantherophis-guttatus
3f8b54c5b8,pantherophis-obsoletus
4c885eabe4,opheodrys-aestivus
2786b3576c,pantherophis-alleghaniensis
a466efd69d,coluber-constrictor
407c2c9dda,lampropeltis-triangulum
3565b03095,crotalus-atrox
6e9284955c,crotalus-horridus
8ed99e4c86,nerodia-rhombifer
a5e69edc4b,agkistrodon-piscivorus
4e6c995bef,pantherophis-obsoletus
5ae9d343e8,agkistrodon-piscivorus
e25a32c987,thamnophis-sirtalis
b30e722d22,lampropeltis-triangulum
5afeda65d0,lampropeltis-californiae
18ad85f471,lampropeltis-californiae
39927cfbaa,thamnophis-sirtalis
7b692d1127,storeria-dekayi
84fcbb8e68,pantherophis-obsoletus
14ae30c15b,thamnophis-proximus
a603faa96e,storeria-dekayi
cd279c6a32,agkistrodon-contortrix
6aec488970,crotalus-horridus
4702bb06b2,coluber-constrictor
9f1f0c4d77,crotalus-atrox
37d255ba5a,pantherophis-obsoletus
9270b2e18c,pantherophis-guttatus
38d6a2113a,thamnophis-sirtalis
c0f77950f7,thamnophis-marcianus
86a6eb367c,nerodia-erythrogaster
3ad0cabc18,nerodia-erythrogaster
59b1221597,storeria-dekayi
1012f2362a,crotalus-atrox
daac1e1960,storeria-dekayi
b1cb0097f1,natrix-natrix
073e9ff640,nerodia-sipedon
3105af6b71,natrix-natrix
c2cbb5ab68,storeria-dekayi
8bd5db2b2b,crotalus-scutulatus
6e0adfbf99,pantherophis-obsoletus
ebfb1532ab,agkistrodon-piscivorus
7120a62958,nerodia-sipedon
c15675b887,masticophis-flagellum
9604596853,storeria-dekayi
f2bc584e0b,storeria-dekayi
5ab91cb2ee,lampropeltis-californiae
a1177f99c4,coluber-constrictor
8c6e0cc938,crotalus-atrox
ff85bf00f2,thamnophis-sirtalis
35dba4ac51,rhinocheilus-lecontei
77cb900136,crotalus-atrox
f29d659e71,storeria-dekayi
e9bb397147,lampropeltis-californiae
6f7f36069e,pituophis-catenifer
07989fe1c3,crotalus-atrox
768a99b9e5,lampropeltis-californiae
5512ed611d,storeria-dekayi
b598056f93,agkistrodon-piscivorus
8456d0ce23,heterodon-platirhinos
f75b87d80d,pituophis-catenifer
d69f21de4e,storeria-dekayi
27163ec202,pantherophis-obsoletus
414c6c1e8c,nerodia-erythrogaster
d11bd5b048,thamnophis-proximus
99206af14b,opheodrys-aestivus
d5cb6099b8,thamnophis-radix
9f06ab71ae,lampropeltis-californiae
ec7281cd7c,crotalus-atrox
c2e01b4390,masticophis-flagellum
6a3c1344c4,thamnophis-sirtalis
8aba528ea0,thamnophis-marcianus
0136882c08,crotalus-viridis
83bf58f0b1,pituophis-catenifer
0557d01771,crotalus-ruber
97022292ea,agkistrodon-piscivorus
f6cc3d20e0,thamnophis-proximus
f45f8ee077,crotalus-atrox
357c52b2f0,pantherophis-obsoletus
90c8498d65,agkistrodon-contortrix
aa3c457150,nerodia-sipedon
1ce0e88a44,thamnophis-proximus
e218ba88c9,crotalus-ruber
57cec6689a,thamnophis-sirtalis
6a5112a54d,pantherophis-obsoletus
ac9117b886,storeria-dekayi
2540a21720,opheodrys-aestivus
dd169804df,diadophis-punctatus
c237e67115,thamnophis-sirtalis
fe298a3058,nerodia-sipedon
4cc3b7adf3,storeria-dekayi
6b81c6a99c,crotalus-atrox
e2009dad0c,nerodia-sipedon
08765181d5,storeria-dekayi
5e8c069be7,thamnophis-sirtalis
9339f7c45b,thamnophis-proximus
ab978ec9f5,thamnophis-sirtalis
0a308984b0,haldea-striatula
4b444a7450,thamnophis-sirtalis
e985579c1c,diadophis-punctatus
a67125bb01,heterodon-platirhinos
2efa69a2f5,diadophis-punctatus
b8cc1ff52b,crotalus-viridis
5c2a00b326,lampropeltis-californiae
88c9895e1d,nerodia-sipedon
85a138a2b1,crotalus-horridus
031021f64c,coluber-constrictor
afc6314ff1,pituophis-catenifer
2e6564e977,natrix-natrix
26492ca0f0,agkistrodon-piscivorus
8830373ae9,nerodia-sipedon
c834e92d7b,lampropeltis-triangulum
1ae509bbff,heterodon-platirhinos
1edb40263d,crotalus-atrox
28ed4d6904,thamnophis-sirtalis
2597f7e76d,agkistrodon-contortrix
3b7ab4e0d8,lampropeltis-californiae
82b1d44782,thamnophis-sirtalis
9000233532,nerodia-sipedon
a0da4b8579,thamnophis-radix
7f8365af3d,thamnophis-radix
f178404533,thamnophis-sirtalis
da99774679,storeria-dekayi
635181b9d2,storeria-dekayi
81176ee1c5,thamnophis-sirtalis
aae5d3dda7,nerodia-erythrogaster
7e52574588,opheodrys-aestivus
33b4f8c6ee,nerodia-fasciata
929d07dc6c,nerodia-sipedon
6d39dfc724,pantherophis-obsoletus
2d6aff49e2,pantherophis-vulpinus
372bc68670,haldea-striatula
ec60c2ed8a,thamnophis-marcianus
62d1292fff,lampropeltis-triangulum
a020682646,crotalus-horridus
2006370aad,pantherophis-guttatus
ccf697d8ee,thamnophis-sirtalis
482495a29c,masticophis-flagellum
ebee509f76,pituophis-catenifer
ec5bf8fc94,rhinocheilus-lecontei
ff2bb74401,crotalus-horridus
9687257d87,lampropeltis-californiae
1672540ff2,haldea-striatula
40f8894ab0,agkistrodon-piscivorus
eeeb364f80,crotalus-scutulatus
17b6bccd26,opheodrys-aestivus
6b5fdb070a,pantherophis-obsoletus
fb2fc7f287,coluber-constrictor
bc238794f9,agkistrodon-contortrix
93447ffb77,crotalus-atrox
c508eadaf2,lampropeltis-californiae
cf457786fd,diadophis-punctatus
4c47136817,thamnophis-sirtalis
f5215fb122,crotalus-ruber
36f8a53278,pantherophis-obsoletus
da4b78e030,thamnophis-sirtalis
3857f94d7f,pantherophis-alleghaniensis
95aa99daf1,heterodon-platirhinos
2f71e4dbc5,nerodia-erythrogaster
494fb17d3f,rhinocheilus-lecontei
2783f6e72e,crotalus-atrox
0a1cb5c228,pantherophis-guttatus
ee9f2b0478,crotalus-viridis
ea7589812a,pituophis-catenifer
0bec79eaff,crotalus-atrox
594372deba,pantherophis-obsoletus
b48d02b277,opheodrys-aestivus
6143211fb1,crotalus-atrox
9ccf3dc324,pantherophis-alleghaniensis
3ab63ae9ff,thamnophis-sirtalis
155a2f53cf,nerodia-sipedon
dfada263c6,nerodia-sipedon
4932b1089d,thamnophis-sirtalis
6d58bdcf39,thamnophis-radix
734cb7f4b6,lampropeltis-californiae
e1f9280372,thamnophis-sirtalis
86f3c1735d,diadophis-punctatus
07c9d2aa3b,crotalus-atrox
7683989c81,agkistrodon-contortrix
2890dcea84,pantherophis-spiloides
ef9804663f,lampropeltis-triangulum
6af9df245c,pantherophis-guttatus
f1c06381a3,thamnophis-radix
2d28192243,lampropeltis-triangulum
9896a79a1d,agkistrodon-piscivorus
9a9ae8f452,masticophis-flagellum
de6161fc29,nerodia-erythrogaster
2a74549a83,pantherophis-obsoletus
5dfc97da50,pantherophis-spiloides
b79cdcde09,thamnophis-sirtalis
412b9deed5,pantherophis-obsoletus
827ade5a7b,lampropeltis-californiae
018a9dc8d3,storeria-dekayi
98707250c7,pantherophis-obsoletus
7c81f46daf,thamnophis-sirtalis
ae0e1c4a78,pantherophis-obsoletus
a2ff49924c,lampropeltis-californiae
2c92388500,thamnophis-radix
fb5ea6dd78,crotalus-atrox
c795f9a09c,thamnophis-sirtalis
96964b08d8,crotalus-scutulatus
82f95efa2b,nerodia-fasciata
b3937b0554,nerodia-fasciata
1b6152c43b,nerodia-sipedon
97a30ec6dd,storeria-dekayi
dece1935ee,storeria-dekayi
4653c6fd7c,crotalus-atrox
eca3e3a92b,lampropeltis-triangulum
96e30cfac5,pantherophis-obsoletus
d1f106e978,thamnophis-sirtalis
657db6cb59,crotalus-viridis
31038dddc5,thamnophis-sirtalis
4511368f4f,thamnophis-sirtalis
4fca272540,pantherophis-obsoletus
961f8aa971,storeria-dekayi
41e50ec9ca,crotalus-atrox
ad2a1a1ce2,lampropeltis-californiae
92b9fd66a7,pantherophis-guttatus
b2cb283e6a,coluber-constrictor
a128fcabc1,pantherophis-spiloides
01cdc5a346,nerodia-sipedon
6f6c719cd8,rhinocheilus-lecontei
7b073b871d,nerodia-erythrogaster
fb161a2da0,thamnophis-sirtalis
8639fe5b0f,storeria-dekayi
6c514aa440,crotalus-viridis
4e410fc7b2,nerodia-erythrogaster
c447daa98a,pituophis-catenifer
33327a3289,pantherophis-emoryi
0e00591aa0,storeria-dekayi
c639c6450f,lampropeltis-triangulum
fd7f5407f9,thamnophis-sirtalis
30379927e5,thamnophis-sirtalis
faee0c2011,thamnophis-sirtalis
8a40ad504a,storeria-dekayi
8b88fdf313,agkistrodon-piscivorus
5f46d656ec,diadophis-punctatus
316bdbcb02,pantherophis-obsoletus
e72a84360b,storeria-dekayi
b639c34385,crotalus-horridus
37169c7bb0,lampropeltis-triangulum
3addd707c9,masticophis-flagellum
8cfc6dd3fc,crotalus-atrox
a2bfde867b,storeria-dekayi
22bddb0584,diadophis-punctatus
4190fde1f9,thamnophis-sirtalis
3d0d434f77,pantherophis-alleghaniensis
f01f1bf65f,nerodia-fasciata
5ac87d5d17,thamnophis-radix
3e3c7d6a97,lampropeltis-triangulum
40b6a032cf,pantherophis-obsoletus
b68524273d,lampropeltis-californiae
ab9310747f,haldea-striatula
cf0eb86b3b,lampropeltis-triangulum
e82ae7b777,crotalus-ruber
0124071f58,pantherophis-alleghaniensis
37acecc0dd,pantherophis-alleghaniensis
23c8856939,storeria-dekayi
40ae26e406,agkistrodon-contortrix
4af1ee7c2d,nerodia-sipedon
3fee6efbe8,heterodon-platirhinos
2d29d24cdb,rhinocheilus-lecontei
0d39054a9c,storeria-dekayi
25f552c213,pantherophis-obsoletus
9a9ff1f37e,heterodon-platirhinos
9685d88cba,lampropeltis-triangulum
95f1a02753,pantherophis-spiloides
c9cec706f3,thamnophis-sirtalis
d842503f72,pantherophis-obsoletus
3ae45feeeb,pantherophis-alleghaniensis
5179b57412,nerodia-erythrogaster
ff0d5db8c9,diadophis-punctatus
c47ad4521c,lampropeltis-californiae
4086ec30bf,lampropeltis-triangulum
fb500e597c,pantherophis-guttatus
0fdca857ba,crotalus-atrox
16e3dff323,diadophis-punctatus
70463ea3f3,storeria-dekayi
9de805091c,pantherophis-obsoletus
3e2ba8887b,pantherophis-alleghaniensis
0a238c03e4,thamnophis-sirtalis
8c27c26f9f,pantherophis-obsoletus
447e96a831,pantherophis-spiloides
4c173568d9,coluber-constrictor
5948054f6e,natrix-natrix
cfb9943f32,nerodia-sipedon
0989b197e5,pantherophis-spiloides
93d698c9bb,diadophis-punctatus
40ff71dcbb,pantherophis-obsoletus
ddb3ee4efc,agkistrodon-piscivorus
94b92dedec,heterodon-platirhinos
14da1fc791,nerodia-fasciata
e97587c12c,crotalus-horridus
50e33fc24f,lampropeltis-triangulum
2d146d1f12,storeria-occipitomaculata
2e359108b2,lampropeltis-californiae
55a884982c,pantherophis-obsoletus
cc40d66bfb,nerodia-erythrogaster
a8f470944a,coluber-constrictor
b83f491562,lampropeltis-triangulum
45cdae2a4e,thamnophis-sirtalis
2c92500ad7,haldea-striatula
380f7deecf,diadophis-punctatus
9059623576,crotalus-viridis
276c2680f9,pantherophis-obsoletus
2fa9ef0310,opheodrys-aestivus
d0c7913d75,crotalus-atrox
9ce405566f,lampropeltis-triangulum
c98b81ad8a,pituophis-catenifer
e3aa373714,opheodrys-aestivus
1e4f536605,storeria-dekayi
ec209ef519,crotalus-atrox
582700d0c7,lampropeltis-triangulum
7727cb44a1,storeria-dekayi
bc92129dc2,pantherophis-obsoletus
d92656ecc3,nerodia-sipedon
d76ff1ac44,crotalus-atrox
3034db32e1,masticophis-flagellum
35b6982636,pantherophis-obsoletus
1ac3b66cc3,storeria-dekayi
36534fcac5,pantherophis-obsoletus
10b1acb0b6,pituophis-catenifer
54dcbb96e0,nerodia-sipedon
731da2fb12,lampropeltis-californiae
dce52386f5,storeria-dekayi
18b89918ca,thamnophis-sirtalis
839899700a,lampropeltis-triangulum
84614e40b8,opheodrys-aestivus
a7723f7ef4,opheodrys-aestivus
1d8ea15457,lampropeltis-triangulum
a487c28099,crotalus-atrox
7240b699f4,diadophis-punctatus
8a759fc288,pantherophis-obsoletus
13b138dcc4,crotalus-horridus
f7be9664a7,nerodia-erythrogaster
641a4f65bc,opheodrys-aestivus
bd4f7d349e,pantherophis-spiloides
000e2d0a91,crotalus-atrox
ce502ba8a0,crotalus-atrox
97d93358ab,lampropeltis-triangulum
46f9560c99,nerodia-erythrogaster
5888a3e522,thamnophis-sirtalis
84d4a08b93,opheodrys-aestivus
8293286f7c,pantherophis-obsoletus
4c01b5b8ba,pantherophis-obsoletus
13854590ea,crotalus-atrox
1a019b53b3,pantherophis-alleghaniensis
7f2637a665,lampropeltis-californiae
46d28d1bf2,lampropeltis-triangulum
ba4c35ebf2,pantherophis-alleghaniensis
c4476648be,opheodrys-aestivus
0e8f2965b4,rhinocheilus-lecontei
e4bcba036b,thamnophis-sirtalis
dc6f3721ba,pantherophis-obsoletus
e9b8444822,lampropeltis-californiae
02eda2c865,pantherophis-emoryi
32edd9e217,agkistrodon-contortrix
0a23c6dbed,pantherophis-obsoletus
0138d2cb1a,rhinocheilus-lecontei
a265b17556,thamnophis-radix
5360e19610,nerodia-rhombifer
6929c425fd,thamnophis-sirtalis
d1006244a6,heterodon-platirhinos
561e39734f,rhinocheilus-lecontei
8f31a0a689,crotalus-scutulatus
7012d40d2f,thamnophis-sirtalis
7a35c857bc,storeria-dekayi
f77e1aa99f,haldea-striatula
75252599b9,lampropeltis-californiae
4af6d73d49,storeria-dekayi
cd7d579dab,thamnophis-sirtalis
7b0ad73599,pantherophis-obsoletus
34b33a11fa,thamnophis-sirtalis
3170f538d1,storeria-dekayi
8586ab31a9,haldea-striatula
08acf2e47d,agkistrodon-piscivorus
b1286d3868,pantherophis-alleghaniensis
2d0f08fa36,crotalus-atrox
a0b9ba917f,pantherophis-alleghaniensis
f40abd0edf,pantherophis-spiloides
3bd72284b8,thamnophis-sirtalis
8b5cd0f884,nerodia-sipedon
f8e59232c8,pantherophis-alleghaniensis
572c5c3520,lampropeltis-triangulum
957c00b573,lampropeltis-triangulum
93e591cb23,pantherophis-obsoletus
68a603b39d,pantherophis-obsoletus
4f472510f3,rhinocheilus-lecontei
d6884444ae,crotalus-horridus
c0fa7df5de,pantherophis-obsoletus